landing,boat,ttype,days,dep,deptime,ret,rettime,cap,cap_source,spots,price,src
FL,Liberty,2 Day Limited Load,,2026-09-04,9:00 AM,2026-09-06,6:00 AM,,,Chartered,,page1
FL,Pacific Queen,3 Day,,2026-09-04,10:00 AM,2026-09-07,6:00 AM,,,Chartered,,page1
FL,Islander,3 Day,,2026-09-04,10:00 AM,2026-09-07,6:00 AM,,,Chartered,,page1
FL,Searcher,3 Day,,2026-09-04,10:00 AM,2026-09-07,8:00 AM,27,,Waitlist Only,$1595,page1
FL,Dolphin,PM Half Day,,2026-09-04,1:00 PM,2026-09-04,6:30 PM,55,,38,$82.80,page1
FL,Pacific Dawn,1.5 Day,,2026-09-04,6:00 PM,2026-09-06,6:00 AM,,,Chartered,,page1
FL,Tomahawk,1.5 Day,,2026-09-04,6:00 PM,2026-09-06,6:00 AM,29,,Full,$569.25,page1
FL,Dolphin,Full Day Freelance,,2026-09-05,5:30 AM,2026-09-05,5:00 PM,,,Chartered,,page1
FL,Fortune,2 Day,,2026-09-05,10:00 AM,2026-09-07,6:00 AM,,,Chartered,,page1
FL,Royal Star,4 Day,,2026-09-05,10:00 AM,2026-09-09,8:00 AM,24,,Waitlist Only,$2394.75,page1
FL,Shogun,13 Day,,2026-09-05,12:00 PM,2026-09-18,8:00 AM,,,Chartered,,page1
FL,Dolphin,Twilight,,2026-09-05,7:00 PM,2026-09-05,11:00 PM,50,,50,$77.63,page1
FL,Dolphin,AM Half Day,,2026-09-06,6:30 AM,2026-09-06,12:30 PM,58,,Full,$82.80,page1
FL,Tomahawk,2 Day,,2026-09-06,11:00 AM,2026-09-08,6:00 AM,28,,Full,$771.08,page1
FL,Pacific Dawn,2 Day,,2026-09-06,11:00 AM,2026-09-08,6:00 AM,17,,2,$931.50,page1
FL,Dolphin,PM Half Day,,2026-09-06,1:00 PM,2026-09-06,6:30 PM,58,,Full,$82.80,page1
FL,Pegasus,1.5 Day Limited Load,,2026-09-06,6:00 PM,2026-09-08,6:00 AM,18,,Full,$672.75,page1
FL,Liberty,Full Day Freelance,,2026-09-07,5:30 AM,2026-09-07,6:00 PM,40,,36,$258.75,page1
FL,Dolphin,AM Half Day,,2026-09-07,6:30 AM,2026-09-07,12:30 PM,55,,21,$82.80,page1
FL,Pacific Queen,3 Day,,2026-09-07,10:00 AM,2026-09-10,7:00 AM,,,Chartered,,page1
FL,Poseidon,3 Day,,2026-09-07,11:00 AM,2026-09-10,6:00 AM,,,Chartered,,page1
FL,Islander,3 Day Limited Load (No Passports),,2026-09-07,11:00 AM,2026-09-10,7:00 AM,26,,Full,$1604.25,page1
FL,Constitution,2 Day,,2026-09-07,11:00 AM,2026-09-09,6:00 AM,,,Chartered,,page1
FL,Dolphin,PM Half Day,,2026-09-07,1:00 PM,2026-09-07,6:30 PM,55,,55,$82.80,page1
FL,Fortune,1.5 Day,,2026-09-07,6:00 PM,2026-09-09,6:00 AM,21,,13,$672.75,page1
FL,Liberty,Full Day Freelance,,2026-09-08,5:30 AM,2026-09-08,5:00 PM,,,Chartered,,page1
FL,Dolphin,AM Half Day,,2026-09-08,6:30 AM,2026-09-08,12:30 PM,55,,49,$82.80,page1
FL,Pegasus,2 Day Limited Load,,2026-09-08,10:00 AM,2026-09-10,6:00 AM,18,,12,$931.50,page1
FL,Dolphin,PM Half Day,,2026-09-08,1:00 PM,2026-09-08,6:30 PM,55,,55,$82.80,page1
FL,Pacific Dawn,2.5 Day,,2026-09-08,6:00 PM,2026-09-11,6:00 AM,,,Chartered,,page1
FL,Tomahawk,1.5 Day Limited Load,,2026-09-08,6:00 PM,2026-09-10,6:00 AM,,,Chartered,,page1
FL,Dolphin,AM Half Day,,2026-09-09,6:30 AM,2026-09-09,12:30 PM,55,,55,$82.80,page1
FL,Lucky B,Full Day Freelance,,2026-09-09,6:30 AM,2026-09-09,5:30 PM,4,,Full,$905.63,page1
FL,Royal Star,3 Day,,2026-09-09,10:00 AM,2026-09-12,8:00 AM,,,Chartered,,page1
FL,Liberty,2 Day Limited Load,,2026-09-09,11:00 AM,2026-09-11,6:00 AM,26,,15,$926.33,page1
FL,Dolphin,PM Half Day,,2026-09-09,1:00 PM,2026-09-09,6:30 PM,55,,55,$82.80,page1
FL,Fortune,1.5 Day,,2026-09-09,6:00 PM,2026-09-11,6:00 AM,21,,1,$672.75,page1
FL,Constitution,3.5 Limited Load (No Passports),,2026-09-09,7:00 PM,2026-09-13,6:00 AM,18,,2,$1630.13,page1
FL,Dolphin,AM Half Day,,2026-09-10,6:30 AM,2026-09-10,12:30 PM,55,,55,$82.80,page1
FL,Pacific Queen,3 Day,,2026-09-10,10:00 AM,2026-09-13,7:00 AM,,,Chartered,,page1
FL,Islander,3 Day,,2026-09-10,11:00 AM,2026-09-13,7:00 AM,,,Chartered,,page2
FL,Dolphin,PM Half Day,,2026-09-10,1:00 PM,2026-09-10,6:30 PM,55,,53,$82.80,page2
FL,Pegasus,2.5 Day,,2026-09-10,6:00 PM,2026-09-13,6:00 AM,,,Chartered,,page2
FL,Tomahawk,1.5 Day,,2026-09-10,6:00 PM,2026-09-12,6:00 AM,,,Chartered,,page2
FL,Poseidon,2.5 Day,,2026-09-10,7:00 PM,2026-09-13,6:00 AM,,,Chartered,,page2
FL,Dolphin,AM Half Day,,2026-09-11,6:30 AM,2026-09-11,12:30 PM,55,,51,$82.80,page2
FL,Lucky B,Full Day Freelance,,2026-09-11,6:30 AM,2026-09-11,5:30 PM,4,,1,$905.63,page2
FL,Pacific Dawn,2 Day,,2026-09-11,10:00 AM,2026-09-13,6:00 AM,,,Chartered,,page2
FL,Royal Polaris,10 Day,,2026-09-11,10:00 AM,2026-09-21,6:00 AM,24,,2,$6427.20,page2
FL,Excel,8 Day,,2026-09-11,11:00 AM,2026-09-19,8:00 AM,33,,Waitlist Only,$4616.10,page2
FL,Dolphin,PM Half Day,,2026-09-11,1:00 PM,2026-09-11,6:30 PM,55,,54,$82.80,page2
FL,Liberty,2.5 Day,,2026-09-11,6:00 PM,2026-09-14,6:00 AM,,,Chartered,,page2
FL,Fortune,1.5 Day,,2026-09-11,6:00 PM,2026-09-13,6:00 AM,21,,Full,$672.75,page2
FL,Dolphin,AM Half Day,,2026-09-12,6:30 AM,2026-09-12,12:30 PM,55,,52,$82.80,page2
FL,Royal Star,4 Day,,2026-09-12,10:00 AM,2026-09-16,8:00 AM,24,,Waitlist Only,$2394.75,page2
FL,Tomahawk,2 Day,,2026-09-12,11:00 AM,2026-09-14,6:00 AM,28,,Full,$771.08,page2
FL,Dolphin,PM Half Day,,2026-09-12,1:00 PM,2026-09-12,6:30 PM,55,,55,$82.80,page2
FL,Dolphin,AM Half Day,,2026-09-13,6:30 AM,2026-09-13,12:30 PM,55,,33,$82.80,page2
FL,Pacific Queen,3 Day,,2026-09-13,10:00 AM,2026-09-16,7:00 AM,,,Chartered,,page2
FL,Fortune,3 Day Limited Load,,2026-09-13,10:00 AM,2026-09-16,6:00 AM,,,Chartered,,page2
FL,Islander,3 Day Limited Load (No Passports),,2026-09-13,11:00 AM,2026-09-16,7:00 AM,26,,Full,$1604.25,page2
FL,Constitution,2 Day Limited Load,,2026-09-13,11:00 AM,2026-09-15,6:00 AM,21,,Full,$931.50,page2
FL,Pacific Dawn,Reverse 1.5 Day,,2026-09-13,11:00 AM,2026-09-14,5:00 PM,18,,11,$672.75,page2
FL,Dolphin,PM Half Day,,2026-09-13,1:00 PM,2026-09-13,6:30 PM,55,,53,$82.80,page2
FL,Pegasus,Overnight,,2026-09-13,6:00 PM,2026-09-14,6:00 PM,,,Chartered,,page2
FL,Dolphin,AM Half Day,,2026-09-14,6:30 AM,2026-09-14,12:30 PM,55,,55,$82.80,page2
FL,Liberty,2 Day,,2026-09-14,10:00 AM,2026-09-16,6:00 AM,,,Chartered,,page2
FL,Searcher,4 Day,,2026-09-14,10:00 AM,2026-09-18,8:00 AM,20,,Waitlist Only,$2625,page2
FL,Dolphin,PM Half Day,,2026-09-14,1:00 PM,2026-09-14,6:30 PM,55,,55,$82.80,page2
FL,Pacific Dawn,2.5 Day Limited Load,,2026-09-14,6:00 PM,2026-09-17,6:00 AM,16,,4,$1242,page2
FL,Poseidon,3.5 Day,,2026-09-14,7:00 PM,2026-09-18,6:00 AM,,,Chartered,,page2
FL,Pegasus,1.5 Day Limited Load,,2026-09-14,7:00 PM,2026-09-16,6:00 AM,18,,4,$672.75,page2
FL,Tomahawk,1.5 Day,,2026-09-14,7:00 PM,2026-09-16,7:00 AM,,,Chartered,,page2
FL,Dolphin,AM Half Day,,2026-09-15,6:30 AM,2026-09-15,12:30 PM,55,,55,$82.80,page2
FL,Dolphin,PM Half Day,,2026-09-15,1:00 PM,2026-09-15,6:30 PM,55,,55,$82.80,page2
FL,Constitution,2.5 Day Limited Load,,2026-09-15,7:00 PM,2026-09-18,6:00 AM,21,,7,$1138.50,page2
FL,Dolphin,AM Half Day,,2026-09-16,6:30 AM,2026-09-16,12:30 PM,55,,52,$82.80,page2
FL,Pegasus,2 Day Limited Load,,2026-09-16,10:00 AM,2026-09-18,6:00 AM,18,,Full,$931.50,page2
FL,Royal Star,3 Day,,2026-09-16,10:00 AM,2026-09-19,8:00 AM,20,,Waitlist Only,$2163,page2
FL,Dolphin,PM Half Day,,2026-09-16,1:00 PM,2026-09-16,6:30 PM,55,,55,$82.80,page2
FL,Pacific Queen,3.5 Day,,2026-09-16,5:00 PM,2026-09-20,7:00 AM,,,Chartered,,page2
FL,Tomahawk,1.5 Day Limited Load,,2026-09-16,6:00 PM,2026-09-18,6:00 AM,,,Chartered,,page2
FL,Liberty,1.5 Day,,2026-09-16,6:00 PM,2026-09-18,6:00 AM,,,Chartered,,page2
FL,Fortune,2.5 Day,,2026-09-16,6:00 PM,2026-09-19,6:00 AM,,,Chartered,,page2
FL,Islander,3.5 Day,,2026-09-16,7:00 PM,2026-09-20,7:00 AM,,,Chartered,,page3
FL,Dolphin,AM Half Day,,2026-09-17,6:30 AM,2026-09-17,12:30 PM,55,,54,$82.80,page3
FL,Dolphin,PM Half Day,,2026-09-17,1:00 PM,2026-09-17,6:30 PM,55,,55,$82.80,page3
FL,Pacific Dawn,2.5 Day Limited Load,,2026-09-17,6:00 PM,2026-09-20,6:00 AM,16,,Full,$1242,page3
FL,Dolphin,AM Half Day,,2026-09-18,6:30 AM,2026-09-18,12:30 PM,55,,55,$82.80,page3
FL,Bight 28,Full Day Offshore,,2026-09-18,7:00 AM,2026-09-18,7:00 PM,,,Chartered,,page3
FL,Pegasus,2 Day,,2026-09-18,10:00 AM,2026-09-20,6:00 AM,,,Chartered,,page3
FL,Searcher,3 Day,,2026-09-18,10:00 AM,2026-09-21,8:00 AM,18,,Waitlist Only,$2195,page3
FL,Poseidon,3 Day,,2026-09-18,11:00 AM,2026-09-21,6:00 AM,,,Chartered,,page3
FL,Constitution,2 Day Limited Load,,2026-09-18,11:00 AM,2026-09-20,6:00 AM,21,,Full,$931.50,page3
FL,Tomahawk,2 Day,,2026-09-18,11:00 AM,2026-09-20,6:00 AM,29,,Full,$771.08,page3
FL,Shogun,4 Day,,2026-09-18,11:00 AM,2026-09-22,6:00 AM,,,Chartered,,page3
FL,Dolphin,PM Half Day,,2026-09-18,1:00 PM,2026-09-18,6:30 PM,55,,55,$82.80,page3
FL,Liberty,2 Day,,2026-09-18,6:00 PM,2026-09-20,6:00 PM,,,Chartered,,page3
FL,Dolphin,AM Half Day,,2026-09-19,6:30 AM,2026-09-19,12:30 PM,55,,53,$82.80,page3
FL,Royal Star,7 Day,,2026-09-19,10:00 AM,2026-09-26,8:00 AM,22,,1,$4454.75,page3
FL,Excel,8 Day,,2026-09-19,11:00 AM,2026-09-27,8:00 AM,19,,Waitlist Only,$7420.95,page3
FL,Dolphin,PM Half Day,,2026-09-19,1:00 PM,2026-09-19,6:30 PM,55,,55,$82.80,page3
FL,Fortune,1.5 Day,,2026-09-19,7:00 PM,2026-09-21,6:00 AM,21,,12,$672.75,page3
FL,Dolphin,AM Half Day,,2026-09-20,6:30 AM,2026-09-20,12:30 PM,55,,47,$82.80,page3
FL,Islander,3 Day Limited Load (No Passports),,2026-09-20,11:00 AM,2026-09-23,6:00 AM,26,,3,$1604.25,page3
FL,Constitution,2 Day Limited Load,,2026-09-20,11:00 AM,2026-09-22,6:00 AM,21,,6,$931.50,page3
FL,Tomahawk,2 Day,,2026-09-20,11:00 AM,2026-09-22,6:00 AM,28,,18,$771.08,page3
FL,Dolphin,PM Half Day,,2026-09-20,1:00 PM,2026-09-20,6:30 PM,55,,55,$82.80,page3
FL,Pacific Queen,3.5 Day,,2026-09-20,5:00 PM,2026-09-24,6:00 AM,,,Chartered,,page3
FL,Pegasus,1.5 Day Limited Load,,2026-09-20,6:00 PM,2026-09-22,6:00 AM,18,,3,$672.75,page3
FL,Pacific Dawn,2.5 Day Limited Load,,2026-09-20,6:00 PM,2026-09-23,6:00 AM,16,,15,$1242,page3
FL,Dolphin,AM Half Day,,2026-09-21,6:30 AM,2026-09-21,12:30 PM,55,,51,$82.80,page3
FL,Royal Polaris,8 Day,,2026-09-21,10:00 AM,2026-09-29,6:00 AM,30,,1,$4367.20,page3
FL,Searcher,2 Day,,2026-09-21,10:00 AM,2026-09-23,8:00 AM,28,,Waitlist Only,$895,page3
FL,Liberty,2 Day Limited Load,,2026-09-21,11:00 AM,2026-09-23,6:00 AM,26,,24,$926.33,page3
FL,Poseidon,3 Day,,2026-09-21,11:00 AM,2026-09-24,6:00 AM,,,Chartered,,page3
FL,Dolphin,PM Half Day,,2026-09-21,1:00 PM,2026-09-21,6:30 PM,55,,55,$82.80,page3
FL,Fortune,1.5 Day,,2026-09-21,6:00 PM,2026-09-23,6:00 AM,21,,19,$672.75,page3
FL,Dolphin,AM Half Day,,2026-09-22,6:30 AM,2026-09-22,12:30 PM,55,,55,$82.80,page3
FL,Shogun,3 Day,,2026-09-22,10:00 AM,2026-09-25,6:00 AM,,,Chartered,,page3
FL,Constitution,2 Day Limited Load,,2026-09-22,11:00 AM,2026-09-24,6:00 AM,21,,19,$931.50,page3
FL,Dolphin,PM Half Day,,2026-09-22,1:00 PM,2026-09-22,6:30 PM,,,Chartered,,page3
FL,Tomahawk,2.5 Day Limited Load,,2026-09-22,6:00 PM,2026-09-25,6:00 AM,25,,14,$1086.75,page3
FL,Pegasus,1.5 Day Limited Load,,2026-09-22,6:00 PM,2026-09-24,6:00 AM,18,,16,$672.75,page3
FL,Dolphin,AM Half Day,,2026-09-23,6:30 AM,2026-09-23,12:30 PM,55,,55,$82.80,page3
FL,Islander,2 Day Limited Load,,2026-09-23,10:00 AM,2026-09-25,6:00 AM,,,Chartered,,page3
FL,Searcher,2 Day,,2026-09-23,10:00 AM,2026-09-25,8:00 AM,28,,Waitlist Only,$895,page3
FL,Liberty,2 Day Limited Load,,2026-09-23,11:00 AM,2026-09-25,6:00 AM,26,,22,$926.33,page3
FL,Dolphin,PM Half Day,,2026-09-23,1:00 PM,2026-09-23,6:30 PM,55,,55,$82.80,page3
FL,Fortune,1.5 Day,,2026-09-23,6:00 PM,2026-09-25,6:00 AM,21,,21,$672.75,page3
FL,Pacific Dawn,1.5 Day Limited Load,,2026-09-23,7:00 PM,2026-09-25,6:00 AM,18,,7,$672.75,page3
FL,Dolphin,AM Half Day,,2026-09-24,6:30 AM,2026-09-24,12:30 PM,55,,49,$82.80,page3
FL,Constitution,3 Day Limited Load (No Passports),,2026-09-24,11:00 AM,2026-09-27,6:00 AM,21,,14,$1371.38,page3
FL,Dolphin,PM Half Day,,2026-09-24,1:00 PM,2026-09-24,6:30 PM,55,,53,$82.80,page3
FL,Pacific Queen,1.5 Day,,2026-09-24,6:00 PM,2026-09-26,6:00 AM,,,Chartered,,page4
FL,Poseidon,2.5 Day,,2026-09-24,7:00 PM,2026-09-27,6:00 AM,,,Chartered,,page4
FL,Dolphin,AM Half Day,,2026-09-25,6:30 AM,2026-09-25,12:30 PM,55,,48,$82.80,page4
FL,Lucky B,Full Day Freelance,,2026-09-25,6:30 AM,2026-09-25,5:30 PM,4,,4,$905.63,page4
FL,Liberty,2 Day,,2026-09-25,10:00 AM,2026-09-27,6:00 AM,,,Chartered,,page4
FL,Shogun,3 Day,,2026-09-25,10:00 AM,2026-09-28,6:00 AM,26,,Waitlist Only,$1751,page4
FL,Tomahawk,2 Day,,2026-09-25,11:00 AM,2026-09-27,6:00 AM,,,Chartered,,page4
FL,Dolphin,PM Half Day,,2026-09-25,1:00 PM,2026-09-25,6:30 PM,55,,55,$82.80,page4
FL,Fortune,Overnight,,2026-09-25,5:00 PM,2026-09-26,5:00 PM,,,Chartered,,page4
FL,Pacific Dawn,2.5 Day Limited Load,,2026-09-25,5:00 PM,2026-09-28,6:00 AM,16,,15,$1242,page4
FL,Pegasus,2.5 Day,,2026-09-25,6:00 PM,2026-09-28,6:00 AM,,,Chartered,,page4
FL,Islander,1.5 Day,,2026-09-25,7:00 PM,2026-09-27,7:00 AM,,,Chartered,,page4
FL,Dolphin,AM Half Day,,2026-09-26,6:30 AM,2026-09-26,12:30 PM,55,,42,$82.80,page4
FL,Pacific Queen,2 Day,,2026-09-26,10:00 AM,2026-09-28,6:00 AM,29,,Full,$1035,page4
FL,Royal Star,7 Day,,2026-09-26,10:00 AM,2026-10-03,8:00 AM,18,,2,$5350.85,page4
FL,Dolphin,PM Half Day,,2026-09-26,1:00 PM,2026-09-26,6:30 PM,55,,55,$82.80,page4
FL,Dolphin,AM Half Day,,2026-09-27,6:30 AM,2026-09-27,12:30 PM,55,,46,$82.80,page4
FL,Fortune,2 Day,,2026-09-27,10:00 AM,2026-09-29,6:00 AM,,,Chartered,,page4
FL,Searcher,3 Day,,2026-09-27,10:00 AM,2026-09-30,8:00 AM,27,,Waitlist Only,$1575,page4
FL,Islander,3 Day Limited Load (No Passports),,2026-09-27,11:00 AM,2026-09-30,7:00 AM,28,,9,$1604.25,page4
FL,Liberty,2 Day Limited Load,,2026-09-27,11:00 AM,2026-09-29,6:00 AM,26,,15,$926.33,page4
FL,Constitution,2 Day Limited Load,,2026-09-27,11:00 AM,2026-09-29,6:00 AM,21,,20,$931.50,page4
FL,Excel,10 Day,,2026-09-27,11:00 AM,2026-10-07,8:00 AM,33,,3,$5040.45,page4
FL,Dolphin,PM Half Day,,2026-09-27,1:00 PM,2026-09-27,6:30 PM,55,,55,$82.80,page4
FL,Poseidon,1.5 Day,,2026-09-27,7:00 PM,2026-09-29,6:00 AM,,,Chartered,,page4
FL,Dolphin,AM Half Day,,2026-09-28,6:30 AM,2026-09-28,12:30 PM,55,,54,$82.80,page4
FL,Pacific Queen,3 Day Limited Load,,2026-09-28,10:00 AM,2026-10-01,6:00 AM,24,,Full,$1656,page4
FL,Shogun,3 Day Ultra Limited Load,,2026-09-28,10:00 AM,2026-10-01,6:00 AM,,,Chartered,,page4
FL,Tomahawk,2 Day Limited Load,,2026-09-28,11:00 AM,2026-09-30,6:00 AM,,,Chartered,,page4
FL,Dolphin,PM Half Day,,2026-09-28,1:00 PM,2026-09-28,6:30 PM,55,,55,$82.80,page4
FL,Pacific Dawn,2.5 Day Limited Load,,2026-09-28,5:00 PM,2026-10-01,6:00 AM,16,,16,$1242,page4
FL,Pegasus,1.5 Day Limited Load,,2026-09-28,6:00 PM,2026-09-30,6:00 AM,18,,18,$672.75,page4
FL,Dolphin,AM Half Day,,2026-09-29,6:30 AM,2026-09-29,12:30 PM,55,,55,$82.80,page4
FL,Royal Polaris,7 Day,,2026-09-29,10:00 AM,2026-10-06,6:00 AM,32,,Waitlist Only,$3527.75,page4
FL,Liberty,2 Day Limited Load,,2026-09-29,11:00 AM,2026-10-01,6:00 AM,26,,26,$926.33,page4
FL,Poseidon,3 Day,,2026-09-29,11:00 AM,2026-10-02,6:00 AM,,,Chartered,,page4
FL,Constitution,2 Day Limited Load,,2026-09-29,11:00 AM,2026-10-01,6:00 AM,21,,21,$931.50,page4
FL,Dolphin,PM Half Day,,2026-09-29,1:00 PM,2026-09-29,6:30 PM,55,,55,$82.80,page4
FL,Fortune,1.5 Day,,2026-09-29,6:00 PM,2026-10-01,6:00 AM,21,,21,$672.75,page4
FL,Dolphin,AM Half Day,,2026-09-30,6:30 AM,2026-09-30,12:30 PM,55,,55,$82.80,page4
FL,Lucky B,Full Day Freelance,,2026-09-30,6:30 AM,2026-09-30,5:30 PM,4,,4,$905.63,page4
FL,Islander,4 Day (No Passports),,2026-09-30,11:00 AM,2026-10-04,7:00 AM,,,Chartered,,page4
FL,Tomahawk,3 Day Limited Load,,2026-09-30,11:00 AM,2026-10-03,6:00 AM,24,,15,$1449,page4
FL,Dolphin,PM Half Day,,2026-09-30,1:00 PM,2026-09-30,6:30 PM,55,,55,$82.80,page4
FL,Dolphin,AM Half Day,,2026-10-01,6:30 AM,2026-10-01,12:30 PM,55,,55,$82.80,page4
FL,Pacific Queen,3 Day Limited Load (No Passports),,2026-10-01,10:00 AM,2026-10-04,6:00 AM,,,Chartered,,page4
FL,Pacific Dawn,3 Day,,2026-10-01,10:00 AM,2026-10-04,6:00 AM,,,Chartered,,page4
FL,Shogun,3 Day,,2026-10-01,10:00 AM,2026-10-04,6:00 AM,26,,3,$1751,page4
FL,Dolphin,PM Half Day,,2026-10-01,1:00 PM,2026-10-01,6:30 PM,55,,55,$82.80,page4
FL,Liberty,2.5 Day,,2026-10-01,6:00 PM,2026-10-04,6:00 AM,24,,10,$1190.25,page4
FL,Dolphin,AM Half Day,,2026-10-02,6:30 AM,2026-10-02,12:30 PM,55,,55,$82.80,page5
FL,Fortune,2 Day Limited Load,,2026-10-02,10:00 AM,2026-10-04,6:00 AM,18,,13,$931.50,page5
FL,Dolphin,PM Half Day,,2026-10-02,1:00 PM,2026-10-02,6:30 PM,55,,55,$82.80,page5
FL,Pegasus,1.5 Day,,2026-10-02,6:00 PM,2026-10-04,6:00 AM,,,Chartered,,page5
FL,Constitution,2.5 Day,,2026-10-02,7:00 PM,2026-10-05,6:00 AM,,,Chartered,,page5
FL,Poseidon,2.5 Day,,2026-10-02,7:00 PM,2026-10-05,6:00 AM,,,Chartered,,page5
FL,Dolphin,AM Half Day,,2026-10-03,6:30 AM,2026-10-03,12:30 PM,55,,55,$82.80,page5
FL,Royal Star,4 Day,,2026-10-03,10:00 AM,2026-10-07,8:00 AM,24,,Waitlist Only,$2394.75,page5
FL,Searcher,4 Day,,2026-10-03,10:00 AM,2026-10-07,8:00 AM,20,,1,$2495,page5
FL,Dolphin,PM Half Day,,2026-10-03,1:00 PM,2026-10-03,6:30 PM,55,,53,$82.80,page5
FL,Tomahawk,1.5 Day,,2026-10-03,6:00 PM,2026-10-05,6:00 AM,29,,14,$569.25,page5
FL,Dolphin,AM Half Day,,2026-10-04,6:30 AM,2026-10-04,12:30 PM,55,,55,$82.80,page5
FL,Pacific Queen,3 Day,,2026-10-04,10:00 AM,2026-10-07,6:00 AM,,,Chartered,,page5
FL,Shogun,3 Day Limited Load,,2026-10-04,10:00 AM,2026-10-07,6:00 AM,,,Chartered,,page5
FL,Dolphin,PM Half Day,,2026-10-04,1:00 PM,2026-10-04,6:30 PM,55,,55,$82.80,page5
FL,Pacific Dawn,2.5 Day Limited Load,,2026-10-04,5:00 PM,2026-10-07,6:00 AM,16,,16,$1242,page5
FL,Fortune,1.5 Day,,2026-10-04,6:00 PM,2026-10-06,6:00 AM,21,,21,$672.75,page5
FL,Pegasus,2 Day Limited Load,,2026-10-04,7:00 PM,2026-10-06,4:00 PM,18,,15,$931.50,page5
FL,Liberty,2 Day,,2026-10-04,9:00 PM,2026-10-06,6:00 PM,,,Chartered,,page5
FL,Dolphin,AM Half Day,,2026-10-05,6:30 AM,2026-10-05,12:30 PM,55,,55,$82.80,page5
FL,Islander,2 Day Limited Load,,2026-10-05,11:00 AM,2026-10-07,7:00 AM,,,Chartered,,page5
FL,Constitution,2 Day Limited Load,,2026-10-05,11:00 AM,2026-10-07,6:00 AM,21,,15,$931.50,page5
FL,Tomahawk,3 Day Limited Load (No Passports),,2026-10-05,11:00 AM,2026-10-08,6:00 AM,24,,19,$1449,page5
FL,Dolphin,PM Half Day,,2026-10-05,1:00 PM,2026-10-05,6:30 PM,55,,55,$82.80,page5
FL,Poseidon,2.5 Day,,2026-10-05,7:00 PM,2026-10-08,6:00 AM,25,,Full,$967.73,page5
FL,Dolphin,AM Half Day,,2026-10-06,6:30 AM,2026-10-06,12:30 PM,55,,55,$82.80,page5
FL,Royal Polaris,10 Day,,2026-10-06,10:00 AM,2026-10-16,6:00 AM,28,,1,$5366.30,page5
FL,Dolphin,PM Half Day,,2026-10-06,1:00 PM,2026-10-06,6:30 PM,55,,55,$82.80,page5
FL,Pegasus,2.5 Day,,2026-10-06,6:00 PM,2026-10-09,6:00 AM,,,Chartered,,page5
FL,Fortune,1.5 Day,,2026-10-06,6:00 PM,2026-10-08,6:00 AM,21,,21,$672.75,page5
FL,Dolphin,AM Half Day,,2026-10-07,6:30 AM,2026-10-07,12:30 PM,55,,55,$82.80,page5
FL,Royal Star,3 Day,,2026-10-07,10:00 AM,2026-10-10,8:00 AM,24,,Waitlist Only,$1802.50,page5
FL,Searcher,3 Day,,2026-10-07,10:00 AM,2026-10-10,8:00 AM,20,,9,$1995,page5
FL,Shogun,2 Day,,2026-10-07,10:00 AM,2026-10-09,6:00 AM,25,,Waitlist Only,$1210.25,page5
FL,Liberty,2 Day Limited Load,,2026-10-07,11:00 AM,2026-10-09,6:00 AM,26,,26,$926.33,page5
FL,Excel,10 Day,,2026-10-07,11:00 AM,2026-10-17,8:00 AM,27,,Waitlist Only,$6127.20,page5
FL,Dolphin,PM Half Day,,2026-10-07,1:00 PM,2026-10-07,6:30 PM,55,,55,$82.80,page5
FL,Pacific Queen,3.5 Day,,2026-10-07,5:00 PM,2026-10-11,7:00 AM,,,Chartered,,page5
FL,Constitution,Overnight Limited Load,,2026-10-07,7:00 PM,2026-10-08,6:00 PM,21,,17,$388.13,page5
FL,Pacific Dawn,1.5 Day Limited Load,,2026-10-07,7:00 PM,2026-10-09,6:00 AM,17,,17,$672.75,page5
FL,Dolphin,AM Half Day,,2026-10-08,6:30 AM,2026-10-08,12:30 PM,55,,55,$82.80,page5
FL,Dolphin,PM Half Day,,2026-10-08,1:00 PM,2026-10-08,6:30 PM,55,,55,$82.80,page5
FL,Fortune,2.5 Day,,2026-10-08,6:00 PM,2026-10-11,6:00 AM,,,Chartered,,page5
FL,Poseidon,2.5 Day,,2026-10-08,7:00 PM,2026-10-11,6:00 AM,,,Chartered,,page5
FL,Islander,3.5 Day,,2026-10-08,7:00 PM,2026-10-12,7:00 AM,,,Chartered,,page6
FL,Constitution,1.5 Day Limited Load,,2026-10-08,7:00 PM,2026-10-10,6:00 AM,,,Chartered,,page6
FL,Dolphin,AM Half Day,,2026-10-09,6:30 AM,2026-10-09,12:30 PM,55,,55,$82.80,page6
FL,Pegasus,3 Day,,2026-10-09,10:00 AM,2026-10-12,6:00 AM,,,Chartered,,page6
FL,Dolphin,PM Half Day,,2026-10-09,1:00 PM,2026-10-09,6:30 PM,55,,55,$82.80,page6
FL,Liberty,2.5 Day,,2026-10-09,6:00 PM,2026-10-12,6:00 AM,,,Chartered,,page6
FL,Pacific Dawn,2.5 Day Limited Load,,2026-10-09,6:00 PM,2026-10-12,6:00 AM,16,,Full,$1242,page6
FL,Tomahawk,1.5 Day,,2026-10-09,7:00 PM,2026-10-11,6:00 AM,,,Chartered,,page6
FL,Dolphin,AM Half Day,,2026-10-10,6:30 AM,2026-10-10,12:30 PM,55,,51,$82.80,page6
FL,Royal Star,10 Day,,2026-10-10,10:00 AM,2026-10-20,8:00 AM,,,Chartered,,page6
FL,Searcher,7 Day,,2026-10-10,10:00 AM,2026-10-17,8:00 AM,14,,Waitlist Only,$5595,page6
FL,Dolphin,PM Half Day,,2026-10-10,1:00 PM,2026-10-10,6:30 PM,55,,53,$82.80,page6
FL,Dolphin,AM Half Day,,2026-10-11,6:30 AM,2026-10-11,12:30 PM,55,,55,$82.80,page6
FL,Pacific Queen,3 Day,,2026-10-11,10:00 AM,2026-10-14,7:00 AM,,,Chartered,,page6
FL,Constitution,2 Day Limited Load,,2026-10-11,11:00 AM,2026-10-13,6:00 AM,21,,16,$931.50,page6
FL,Fortune,2 Day,,2026-10-11,11:00 AM,2026-10-13,6:00 AM,,,Chartered,,page6
FL,Dolphin,PM Half Day,,2026-10-11,1:00 PM,2026-10-11,6:30 PM,55,,55,$82.80,page6
FL,Tomahawk,2.5 Day Limited Load,,2026-10-11,6:00 PM,2026-10-14,6:00 AM,25,,18,$1086.75,page6
FL,Dolphin,AM Half Day,,2026-10-12,6:30 AM,2026-10-12,12:30 PM,55,,53,$82.80,page6
FL,Islander,3 Day Limited Load (No Passports),,2026-10-12,11:00 AM,2026-10-15,7:00 AM,26,,13,$1604.25,page6
FL,Liberty,2 Day Limited Load,,2026-10-12,11:00 AM,2026-10-14,6:00 AM,26,,26,$926.33,page6
FL,Dolphin,PM Half Day,,2026-10-12,1:00 PM,2026-10-12,6:30 PM,55,,55,$82.80,page6
FL,Pacific Dawn,2.5 Day Limited Load,,2026-10-12,6:00 PM,2026-10-15,6:00 AM,16,,15,$1242,page6
FL,Pegasus,2 Day Limited Load,,2026-10-12,7:00 PM,2026-10-14,5:00 PM,18,,18,$931.50,page6
FL,Dolphin,AM Half Day,,2026-10-13,6:30 AM,2026-10-13,12:30 PM,55,,55,$82.80,page6
FL,Fortune,2 Day,,2026-10-13,10:00 AM,2026-10-15,6:00 AM,20,,20,$931.50,page6
FL,Dolphin,PM Half Day,,2026-10-13,1:00 PM,2026-10-13,6:30 PM,55,,55,$82.80,page6
FL,Dolphin,AM Half Day,,2026-10-14,6:30 AM,2026-10-14,12:30 PM,55,,55,$82.80,page6
FL,Pacific Queen,2 Day,,2026-10-14,10:00 AM,2026-10-16,6:00 AM,,,Chartered,,page6
FL,Constitution,4 Day,,2026-10-14,10:00 AM,2026-10-18,6:00 AM,,,Chartered,,page6
FL,Tomahawk,2 Day,,2026-10-14,11:00 AM,2026-10-16,6:00 AM,28,,28,$771.08,page6
FL,Dolphin,PM Half Day,,2026-10-14,1:00 PM,2026-10-14,6:30 PM,55,,55,$82.80,page6
FL,Pegasus,Overnight,,2026-10-14,7:00 PM,2026-10-15,5:00 PM,21,,21,$362.25,page6
FL,Liberty,Overnight,,2026-10-14,8:00 PM,2026-10-15,7:00 PM,32,,32,$372.60,page6
FL,Dolphin,Full Day Coronado Islands,,2026-10-15,5:30 AM,2026-10-15,6:00 PM,,,Chartered,,page6
FL,Fortune,2 Day,,2026-10-15,10:00 AM,2026-10-17,6:00 AM,20,,20,$931.50,page6
FL,Dolphin,PM Half Day,,2026-10-15,1:00 PM,2026-10-15,6:30 PM,55,,55,$82.80,page6
FL,Pegasus,Overnight,,2026-10-15,7:00 PM,2026-10-16,5:00 PM,21,,14,$362.25,page6
FL,Dolphin,AM Half Day,,2026-10-16,6:30 AM,2026-10-16,12:30 PM,55,,55,$82.80,page6
FL,Pacific Queen,3 Day Limited Load,,2026-10-16,10:00 AM,2026-10-19,6:00 AM,,,Chartered,,page6
FL,Liberty,2 Day,,2026-10-16,10:00 AM,2026-10-18,6:00 AM,,,Chartered,,page6
FL,Pacific Dawn,2 Day Limited Load,,2026-10-16,10:00 AM,2026-10-18,6:00 AM,,,Chartered,,page6
FL,Tomahawk,2 Day,,2026-10-16,11:00 AM,2026-10-18,6:00 AM,28,,21,$771.08,page6
FL,Dolphin,PM Half Day,,2026-10-16,1:00 PM,2026-10-16,6:30 PM,55,,55,$82.80,page6
FL,Islander,1.5 Day Limited Load,,2026-10-16,6:00 PM,2026-10-18,6:00 AM,,,Chartered,,page6
FL,Pegasus,2.5 Day,,2026-10-16,6:00 PM,2026-10-19,6:00 AM,,,Chartered,,page6
FL,Dolphin,AM Half Day,,2026-10-17,6:30 AM,2026-10-17,12:30 PM,55,,55,$82.80,page6
FL,Searcher,7 Day,,2026-10-17,10:00 AM,2026-10-24,8:00 AM,14,,Waitlist Only,$5595,page6
FL,Excel,8 Day,,2026-10-17,11:00 AM,2026-10-25,8:00 AM,33,,Waitlist Only,$4616.10,page6
FL,Dolphin,PM Half Day,,2026-10-17,1:00 PM,2026-10-17,6:30 PM,55,,55,$82.80,page6
FL,Dolphin,AM Half Day,,2026-10-18,6:30 AM,2026-10-18,12:30 PM,55,,55,$82.80,page7
FL,Liberty,2 Day Limited Load,,2026-10-18,10:00 AM,2026-10-20,6:00 AM,26,,26,$926.33,page7
FL,Islander,4 Day (No Passports),,2026-10-18,11:00 AM,2026-10-22,7:00 AM,24,,16,$1966.50,page7
FL,Tomahawk,3 Day Limited Load,,2026-10-18,11:00 AM,2026-10-21,6:00 AM,24,,24,$1449,page7
FL,Fortune,3 Day Limited Load (No Passports),,2026-10-18,11:00 AM,2026-10-21,6:00 AM,,,Chartered,,page7
FL,Dolphin,PM Half Day,,2026-10-18,1:00 PM,2026-10-18,6:30 PM,,,Chartered,,page7
FL,Pacific Dawn,1.5 Day Limited Load,,2026-10-18,6:00 PM,2026-10-20,6:00 AM,17,,17,$672.75,page7
FL,Dolphin,AM Half Day,,2026-10-19,6:30 AM,2026-10-19,12:30 PM,55,,55,$82.80,page7
FL,Pacific Queen,3 Day Limited Load,,2026-10-19,10:00 AM,2026-10-22,6:00 AM,24,,10,$1656,page7
FL,Shogun,8 Day,,2026-10-19,10:00 AM,2026-10-27,6:00 AM,25,,Waitlist Only,$4114.85,page7
FL,Constitution,2 Day Limited Load,,2026-10-19,11:00 AM,2026-10-21,6:00 AM,21,,21,$931.50,page7
FL,Dolphin,PM Half Day,,2026-10-19,1:00 PM,2026-10-19,6:30 PM,55,,55,$82.80,page7
FL,Dolphin,AM Half Day,,2026-10-20,6:30 AM,2026-10-20,12:30 PM,55,,55,$82.80,page7
FL,Royal Star,4 Day,,2026-10-20,10:00 AM,2026-10-24,8:00 AM,20,,Waitlist Only,$2858.25,page7
FL,Liberty,2 Day Limited Load,,2026-10-20,11:00 AM,2026-10-22,6:00 AM,26,,26,$926.33,page7
FL,Dolphin,PM Half Day,,2026-10-20,1:00 PM,2026-10-20,6:30 PM,55,,55,$82.80,page7
FL,Pacific Dawn,2.5 Day Limited Load,,2026-10-20,6:00 PM,2026-10-23,6:00 AM,16,,16,$1242,page7
FL,Pegasus,2 Day Limited Load,,2026-10-20,7:00 PM,2026-10-22,5:00 PM,18,,18,$931.50,page7
FL,Dolphin,AM Half Day,,2026-10-21,6:30 AM,2026-10-21,12:30 PM,55,,55,$82.80,page7
FL,Constitution,2 Day Limited Load,,2026-10-21,11:00 AM,2026-10-23,6:00 AM,21,,21,$931.50,page7
FL,Dolphin,PM Half Day,,2026-10-21,1:00 PM,2026-10-21,6:30 PM,55,,55,$82.80,page7
FL,Tomahawk,2 Day Limited Load,,2026-10-21,6:00 PM,2026-10-23,6:00 AM,25,,25,$771.08,page7
FL,Fortune,2.5 Day,,2026-10-21,6:00 PM,2026-10-24,6:00 AM,,,Chartered,,page7
FL,Dolphin,AM Half Day,,2026-10-22,6:30 AM,2026-10-22,12:30 PM,55,,55,$82.80,page7
FL,Pacific Queen,3 Day,,2026-10-22,10:00 AM,2026-10-25,6:00 AM,,,Chartered,,page7
FL,Dolphin,PM Half Day,,2026-10-22,1:00 PM,2026-10-22,6:30 PM,55,,55,$82.80,page7
FL,Dolphin,AM Half Day,,2026-10-23,6:30 AM,2026-10-23,12:30 PM,55,,55,$82.80,page7
FL,Liberty,2 Day Limited Load,,2026-10-23,10:00 AM,2026-10-25,6:00 AM,26,,24,$926.33,page7
FL,Islander,3 Day (No Passports),,2026-10-23,11:00 AM,2026-10-26,7:00 AM,26,,24,$1397.25,page7
FL,Constitution,2 Day,,2026-10-23,11:00 AM,2026-10-25,6:00 AM,,,Chartered,,page7
FL,Tomahawk,2 Day,,2026-10-23,11:00 AM,2026-10-25,6:00 AM,,,Chartered,,page7
FL,Dolphin,PM Half Day,,2026-10-23,1:00 PM,2026-10-23,6:30 PM,55,,55,$82.80,page7
FL,Pacific Dawn,1.5 Day,,2026-10-23,6:00 PM,2026-10-25,6:00 AM,,,Chartered,,page7
FL,Pegasus,2 Day Limited Load,,2026-10-23,7:00 PM,2026-10-25,5:00 PM,18,,15,$931.50,page7
FL,Dolphin,AM Half Day,,2026-10-24,6:30 AM,2026-10-24,12:30 PM,55,,55,$82.80,page7
FL,Royal Star,11 Day,,2026-10-24,10:00 AM,2026-11-04,8:00 AM,23,,Waitlist Only,$5453.85,page7
FL,Searcher,8 Day,,2026-10-24,10:00 AM,2026-11-01,8:00 AM,14,,5,$6495,page7
FL,Dolphin,PM Half Day,,2026-10-24,1:00 PM,2026-10-24,6:30 PM,55,,55,$82.80,page7
FL,Dolphin,AM Half Day,,2026-10-25,6:30 AM,2026-10-25,12:30 PM,55,,55,$82.80,page7
FL,Pacific Queen,3 Day Limited Load,,2026-10-25,10:00 AM,2026-10-28,6:00 AM,24,,12,$1656,page7
FL,Tomahawk,2 Day,,2026-10-25,11:00 AM,2026-10-27,6:00 AM,28,,28,$771.08,page7
FL,Liberty,2 Day Limited Load,,2026-10-25,11:00 AM,2026-10-27,6:00 AM,26,,26,$926.33,page7
FL,Excel,10 Day,,2026-10-25,11:00 AM,2026-11-04,8:00 AM,29,,Waitlist Only,$5754.60,page7
FL,Dolphin,PM Half Day,,2026-10-25,1:00 PM,2026-10-25,6:30 PM,55,,55,$82.80,page7
FL,Pacific Dawn,2.5 Day Limited Load,,2026-10-25,6:00 PM,2026-10-28,6:00 AM,16,,16,$1242,page7
FL,Dolphin,AM Half Day,,2026-10-26,6:30 AM,2026-10-26,12:30 PM,55,,55,$82.80,page7
FL,Fortune,2 Day Limited Load,,2026-10-26,10:00 AM,2026-10-28,6:00 AM,18,,18,$931.50,page7
FL,Constitution,3 Day Limited Load (No Passports),,2026-10-26,11:00 AM,2026-10-29,6:00 AM,21,,10,$1371.38,page7
FL,Dolphin,PM Half Day,,2026-10-26,1:00 PM,2026-10-26,6:30 PM,55,,55,$82.80,page7
FL,Islander,2.5 Day Limited Load,,2026-10-26,6:00 PM,2026-10-29,6:00 AM,26,,26,$1293.75,page7
FL,Dolphin,AM Half Day,,2026-10-27,6:30 AM,2026-10-27,12:30 PM,55,,55,$82.80,page8
FL,Shogun,10 Day,,2026-10-27,10:00 AM,2026-11-06,6:00 AM,22,,Waitlist Only,$5253,page8
FL,Liberty,2 Day Limited Load,,2026-10-27,11:00 AM,2026-10-29,6:00 AM,26,,26,$926.33,page8
FL,Dolphin,PM Half Day,,2026-10-27,1:00 PM,2026-10-27,6:30 PM,55,,55,$82.80,page8
FL,Tomahawk,2.5 Day Limited Load,,2026-10-27,6:00 PM,2026-10-30,6:00 AM,25,,25,$1086.75,page8
FL,Dolphin,AM Half Day,,2026-10-28,6:30 AM,2026-10-28,12:30 PM,55,,55,$82.80,page8
FL,Pacific Queen,2 Day Limited Load,,2026-10-28,10:00 AM,2026-10-30,6:00 AM,29,,24,$1035,page8
FL,Fortune,2 Day Limited Load,,2026-10-28,10:00 AM,2026-10-30,6:00 AM,18,,18,$931.50,page8
FL,Pacific Dawn,2 Day Limited Load,,2026-10-28,10:00 AM,2026-10-30,6:00 AM,17,,17,$931.50,page8
FL,Dolphin,PM Half Day,,2026-10-28,1:00 PM,2026-10-28,6:30 PM,55,,55,$82.80,page8
FL,Dolphin,AM Half Day,,2026-10-29,6:30 AM,2026-10-29,12:30 PM,55,,55,$82.80,page8
FL,Islander,3 Day (No Passports),,2026-10-29,11:00 AM,2026-11-01,7:00 AM,26,,24,$1397.25,page8
FL,Liberty,2 Day Limited Load,,2026-10-29,11:00 AM,2026-10-31,6:00 AM,26,,26,$926.33,page8
FL,Dolphin,PM Half Day,,2026-10-29,1:00 PM,2026-10-29,6:30 PM,55,,55,$82.80,page8
FL,Dolphin,AM Half Day,,2026-10-30,6:30 AM,2026-10-30,12:30 PM,55,,55,$82.80,page8
FL,Pacific Queen,2 Day Limited Load,,2026-10-30,10:00 AM,2026-11-01,6:00 AM,29,,1,$1035,page8
FL,Fortune,3 Day (No Passports),,2026-10-30,10:00 AM,2026-11-02,6:00 AM,15,,15,$1500.75,page8
FL,Dolphin,PM Half Day,,2026-10-30,1:00 PM,2026-10-30,6:30 PM,55,,55,$82.80,page8
FL,Pacific Dawn,2.5 Day,,2026-10-30,6:00 PM,2026-11-02,6:00 AM,,,Chartered,,page8
FL,Dolphin,AM Half Day,,2026-10-31,6:30 AM,2026-10-31,12:30 PM,55,,55,$82.80,page8
FL,Dolphin,PM Half Day,,2026-10-31,1:00 PM,2026-10-31,6:30 PM,55,,55,$82.80,page8
FL,Pacific Queen,2 Day Limited Load,,2026-11-01,10:00 AM,2026-11-03,6:00 AM,29,,25,$983.25,page8
FL,Searcher,8 Day,,2026-11-01,10:00 AM,2026-11-09,8:00 AM,14,,Waitlist Only,$6495,page8
FL,Tomahawk,3 Day Limited Load,,2026-11-01,11:00 AM,2026-11-04,6:00 AM,24,,24,$1449,page8
FL,Pacific Queen,2 Day Limited Load,,2026-11-03,10:00 AM,2026-11-05,6:00 AM,29,,27,$983.25,page8
FL,Islander,4 Day (No Passports),,2026-11-03,11:00 AM,2026-11-07,7:00 AM,20,,20,$2277,page8
FL,Royal Star,10 Day,,2026-11-04,10:00 AM,2026-11-14,8:00 AM,22,,Waitlist Only,$5124.25,page8
FL,Tomahawk,2 Day,,2026-11-04,11:00 AM,2026-11-06,6:00 AM,28,,28,$771.08,page8
FL,Excel,10 Day,,2026-11-04,11:00 AM,2026-11-14,8:00 AM,,,Chartered,,page8
FL,Pacific Queen,2 Day,,2026-11-05,10:00 AM,2026-11-07,7:00 AM,,,Chartered,,page8
FL,Constitution,5 Day Limited Load,,2026-11-06,9:00 AM,2026-11-11,6:00 AM,16,,1,$1863,page8
FL,Shogun,8 Day,,2026-11-06,10:00 AM,2026-11-14,6:00 AM,22,,Waitlist Only,$4011.85,page8
FL,Tomahawk,3 Day Limited Load,,2026-11-06,11:00 AM,2026-11-09,6:00 AM,24,,24,$1449,page8
FL,Islander,3.5 Day Offshore,,2026-11-06,7:00 PM,2026-11-10,7:00 AM,24,,24,$1785.38,page8
FL,Pacific Queen,2 Day Limited Load,,2026-11-08,10:00 AM,2026-11-10,6:00 AM,29,,29,$983.25,page8
FL,Searcher,8 Day,,2026-11-09,10:00 AM,2026-11-17,8:00 AM,20,,Waitlist Only,$4795,page8
FL,Tomahawk,2 Day,,2026-11-09,11:00 AM,2026-11-11,6:00 AM,28,,28,$771.08,page8
FL,Pacific Queen,2 Day Limited Load,,2026-11-10,10:00 AM,2026-11-12,6:00 AM,29,,29,$931.50,page8
FL,Islander,3 Day (No Passports),,2026-11-10,11:00 AM,2026-11-13,7:00 AM,24,,24,$1474.88,page8
FL,Tomahawk,2 Day,,2026-11-11,11:00 AM,2026-11-13,6:00 AM,28,,28,$771.08,page8
FL,Pacific Queen,3 Day Limited Load,,2026-11-12,10:00 AM,2026-11-15,6:00 AM,24,,14,$1500.75,page8
FL,Constitution,5 Day Limited Load,,2026-11-13,9:00 AM,2026-11-18,6:00 AM,16,,Full,$1863,page8
FL,Islander,4 Day Limited Load,,2026-11-13,11:00 AM,2026-11-16,7:00 AM,24,,24,$2356.70,page8
FL,Tomahawk,2.5 Day Limited Load,,2026-11-13,6:00 PM,2026-11-16,6:00 AM,25,,25,$1086.75,page8
FL,Royal Star,11 Day,,2026-11-14,10:00 AM,2026-11-25,8:00 AM,21,,Waitlist Only,$5453.85,page8
FL,Shogun,10 Day,,2026-11-14,10:00 AM,2026-11-24,6:00 AM,21,,Waitlist Only,$5459,page8
FL,Excel,10 Day,,2026-11-14,11:00 AM,2026-11-24,8:00 AM,29,,Waitlist Only,$5754.60,page8
FL,Pacific Queen,2 Day Limited Load,,2026-11-15,10:00 AM,2026-11-17,6:00 AM,29,,29,$879.75,page8
FL,Islander,3 Day (No Passports),,2026-11-16,11:00 AM,2026-11-20,7:00 AM,24,,24,$2356.70,page8
FL,Pacific Queen,2 Day Limited Load,,2026-11-17,10:00 AM,2026-11-19,6:00 AM,29,,29,$879.75,page8
FL,Searcher,8 Day,,2026-11-17,10:00 AM,2026-11-25,8:00 AM,20,,2,$4795,page9
FL,Pacific Queen,3 Day Limited Load,,2026-11-19,10:00 AM,2026-11-22,6:00 AM,24,,20,$1500.75,page9
FL,Constitution,5 Day Limited Load,,2026-11-20,9:00 AM,2026-11-25,6:00 AM,16,,Full,$1863,page9
FL,Islander,3.5 Day Limited Load Offshore,,2026-11-20,5:00 PM,2026-11-24,6:00 AM,20,,20,$2070,page9
FL,Pacific Queen,3 Day Limited Load,,2026-11-22,10:00 AM,2026-11-25,6:00 AM,24,,21,$1500.75,page9
FL,Constitution,5 Day Limited Load,,2026-11-27,9:00 AM,2026-12-02,6:00 AM,16,,16,$1863,page9
FL,Royal Polaris,11 Day,,2026-11-27,9:00 AM,2026-12-08,6:00 AM,28,,Waitlist Only,$5665,page9
FL,Shogun,10 Day,,2026-11-28,8:00 AM,2026-12-08,6:00 AM,22,,12,$4789.50,page9
FL,Excel,12 Day,,2026-11-28,11:00 AM,2026-12-10,8:00 AM,28,,2,$6644.70,page9
FL,Royal Star,15/12 Day Trip,,2026-11-30,10:00 AM,2026-12-15,8:00 AM,,,Chartered,,page9
FL,Constitution,5 Day Limited Load,,2026-12-04,9:00 AM,2026-12-09,6:00 AM,16,,14,$1863,page9
FL,Dolphin,AM Half Day,,2026-12-07,6:30 AM,2026-12-07,12:30 PM,,,Chartered,,page9
FL,Royal Polaris,8 Day,,2026-12-08,10:00 AM,2026-12-16,6:00 AM,29,,Waitlist Only,$3347.50,page9
FL,Shogun,8 Day,,2026-12-08,10:00 AM,2026-12-16,6:00 AM,24,,18,$3759.50,page9
FL,Constitution,5 Day Limited Load,,2026-12-11,9:00 AM,2026-12-16,6:00 AM,16,,16,$1863,page9
FL,Constitution,5 Day Limited Load,,2026-12-18,9:00 AM,2026-12-23,6:00 AM,16,,16,$1863,page9
FL,Shogun,5 Day,,2026-12-26,8:00 AM,2026-12-31,6:00 AM,25,,13,$2060,page9
FL,Constitution,5 Day Limited Load,,2026-12-26,9:00 AM,2026-12-31,6:00 AM,16,,16,$1863,page9
FL,Royal Star,3 Day,,2026-12-27,10:00 AM,2026-12-30,8:00 AM,24,,23,$1642.85,page9
FL,Pacific Queen,1.5 Day Baja Coast,,2027-01-01,6:00 PM,2027-01-03,6:00 AM,33,,33,$569.25,page9
FL,Excel,16 Day,,2027-01-04,8:00 AM,2027-01-20,8:00 AM,19,,Waitlist Only,$9066.60,page9
FL,Royal Star,12 Day,,2027-01-04,10:00 AM,2027-01-16,8:00 AM,22,,Waitlist Only,$5433.25,page9
FL,Pacific Queen,1.5 Day Baja Coast,,2027-01-08,5:00 PM,2027-01-10,6:00 AM,,,Chartered,,page9
FL,Pacific Queen,1.5 Day Baja Coast,,2027-01-15,6:00 PM,2027-01-17,6:00 AM,33,,33,$569.25,page9
FL,Excel,16 Day,,2027-01-22,8:00 AM,2027-02-07,8:00 AM,19,,Waitlist Only,$9066.60,page9
FL,Pacific Queen,1.5 Day Baja Coast,,2027-01-22,6:00 PM,2027-01-24,6:00 AM,33,,33,$569.25,page9
FL,Pacific Queen,1.5 Day Baja Coast,,2027-01-29,6:00 PM,2027-01-31,6:00 AM,33,,33,$569.25,page9
FL,Pacific Queen,1.5 Day Baja Coast,,2027-02-05,6:00 PM,2027-02-07,6:00 AM,33,,33,$569.25,page9
FL,Pacific Queen,1.5 Day Baja Coast,,2027-02-12,6:00 PM,2027-02-14,6:00 AM,33,,33,$569.25,page9
FL,Royal Star,16/13 Ride Down / Fly Back,,2027-02-15,10:00 AM,2027-03-03,8:00 AM,,,Chartered,,page9
FL,Pacific Queen,1.5 Day Baja Coast,,2027-02-19,6:00 PM,2027-02-21,6:00 AM,33,,33,$569.25,page9
FL,Pacific Queen,1.5 Day Baja Coast,,2027-02-26,6:00 PM,2027-02-28,6:00 AM,33,,31,$569.25,page9
FL,Shogun,1.5 Day,,2027-03-19,2:00 PM,2027-03-21,6:00 AM,24,,17,$515,page9
FL,Shogun,1.5 Day,,2027-03-26,3:00 PM,2027-03-28,7:00 AM,24,,1,$515,page9
FL,Royal Star,8 Day,,2027-04-01,10:00 AM,2027-04-09,8:00 AM,24,,9,$3785.25,page9
FL,Shogun,3 Day,,2027-04-02,8:00 AM,2027-04-05,6:00 AM,26,,26,$1534.70,page9
FL,Pacific Queen,2 Day (No Passports),,2027-04-02,9:00 AM,2027-04-04,6:00 AM,29,,29,$879.75,page9
FL,Pacific Queen,2 Day (No Passports),,2027-04-04,9:00 AM,2027-04-06,6:00 AM,29,,29,$879.75,page9
FL,Pacific Queen,2 Day (No Passports),,2027-04-07,9:00 AM,2027-04-09,6:00 AM,29,,29,$879.75,page9
FL,Shogun,3 Day,,2027-04-09,8:00 AM,2027-04-12,6:00 AM,24,,24,$1596.50,page9
FL,Pacific Queen,2 Day (No Passports),,2027-04-09,9:00 AM,2027-04-11,6:00 AM,29,,29,$879.75,page9
FL,Royal Star,15 Day,,2027-04-09,10:00 AM,2027-04-24,8:00 AM,,,Chartered,,page9
FL,Pacific Queen,2 Day (No Passports),,2027-04-11,9:00 AM,2027-04-13,6:00 AM,29,,29,$879.75,page9
FL,Shogun,2 Day,,2027-04-13,8:00 AM,2027-04-15,6:00 AM,26,,26,$1030,page9
FL,Pacific Queen,2 Day (No Passports),,2027-04-14,9:00 AM,2027-04-16,8:00 AM,29,,29,$879.75,page9
FL,Shogun,3 Day,,2027-04-16,8:00 AM,2027-04-19,6:00 AM,24,,24,$1596.50,page9
FL,Pacific Queen,2 Day (No Passports),,2027-04-16,9:00 AM,2027-04-18,6:00 AM,29,,29,$879.75,page9
FL,Pacific Queen,2 Day (No Passports),,2027-04-18,9:00 AM,2027-04-20,6:00 AM,29,,29,$879.75,page9
FL,Pacific Queen,2 Day (No Passports),,2027-04-20,9:00 AM,2027-04-22,6:00 AM,29,,29,$879.75,page9
FL,Excel,16 Day,,2027-04-21,8:00 AM,2027-05-07,8:00 AM,22,,2,$8269.65,page9
FL,Pacific Queen,3 Day,,2027-04-22,9:00 AM,2027-04-25,6:00 AM,,,Chartered,,page10
FL,Shogun,3 Day,,2027-04-23,8:00 AM,2027-04-26,6:00 AM,25,,15,$1622.25,page10
FL,Pacific Queen,3 Day,,2027-04-25,9:00 AM,2027-04-28,6:00 AM,24,,24,$1397.25,page10
FL,Shogun,3 Day,,2027-04-26,10:00 AM,2027-04-29,6:00 AM,24,,24,$1648,page10
FL,Pacific Queen,2 Day (No Passports),,2027-04-28,9:00 AM,2027-04-30,6:00 AM,29,,29,$879.75,page10
FL,Royal Star,3 Day,,2027-04-28,10:00 AM,2027-05-01,8:00 AM,24,,Waitlist Only,$1745.85,page10
FL,Shogun,3 Day Ultra Limited Load,,2027-04-29,8:00 AM,2027-05-02,6:00 AM,20,,9,$1915.80,page10
FL,Pacific Queen,3 Day,,2027-04-30,9:00 AM,2027-05-03,6:00 AM,,,Chartered,,page10
FL,Royal Polaris,3 Day,,2027-04-30,9:00 AM,2027-05-03,6:00 AM,28,,26,$2008.50,page10
FL,Royal Star,3 Day,,2027-05-01,10:00 AM,2027-05-04,8:00 AM,24,,21,$1745.85,page10
FL,Shogun,3 Day,,2027-05-02,10:00 AM,2027-05-05,6:00 AM,24,,24,$1673.75,page10
FL,Pacific Queen,3 Day Limited Load,,2027-05-03,9:00 AM,2027-05-06,6:00 AM,24,,21,$1449,page10
FL,Royal Polaris,4 Day,,2027-05-03,10:00 AM,2027-05-07,6:00 AM,28,,24,$2678,page10
FL,Royal Star,8 Day,,2027-05-04,10:00 AM,2027-05-12,8:00 AM,19,,Waitlist Only,$4938.85,page10
FL,Shogun,3 Day,,2027-05-05,10:00 AM,2027-05-08,6:00 AM,22,,9,$1905.50,page10
FL,Pacific Queen,3 Day,,2027-05-06,10:00 AM,2027-05-09,6:00 AM,,,Chartered,,page10
FL,Royal Polaris,3 Day,,2027-05-07,10:00 AM,2027-05-10,6:00 AM,24,,17,$2472,page10
FL,Searcher,3 Day,,2027-05-07,10:00 AM,2027-05-10,8:00 AM,18,,9,$1915,page10
FL,Pacific Queen,3 Day,,2027-05-09,10:00 AM,2027-05-12,6:00 AM,,,Chartered,,page10
FL,Shogun,2 Day,,2027-05-10,8:00 AM,2027-05-12,6:00 AM,26,,23,$1081.50,page10
FL,Royal Polaris,4 Day,,2027-05-10,9:00 AM,2027-05-14,6:00 AM,26,,10,$2884,page10
FL,Excel,3 Day,,2027-05-10,11:00 AM,2027-05-13,8:00 AM,33,,Waitlist Only,$1842.30,page10
FL,Searcher,3 Day,,2027-05-11,10:00 AM,2027-05-14,8:00 AM,18,,12,$1885,page10
FL,Royal Star,8 Day,,2027-05-12,10:00 AM,2027-05-20,8:00 AM,22,,Waitlist Only,$4114.85,page10
FL,Shogun,4 Day,,2027-05-12,10:00 AM,2027-05-16,6:00 AM,24,,18,$2214.50,page10
FL,Pacific Queen,3.5 Day,,2027-05-12,5:00 PM,2027-05-16,6:00 AM,,,Chartered,,page10
FL,Excel,3 Day,,2027-05-13,11:00 AM,2027-05-16,8:00 AM,33,,21,$1842.30,page10
FL,Royal Polaris,3 Day,,2027-05-14,10:00 AM,2027-05-17,6:00 AM,24,,22,$2343.25,page10
FL,Pacific Queen,2 Day Limited Load,,2027-05-16,9:00 AM,2027-05-18,6:00 AM,29,,29,$983.25,page10
FL,Royal Polaris,3 Day,,2027-05-17,10:00 AM,2027-05-20,6:00 AM,28,,24,$2008.50,page10
FL,Pacific Queen,2 Day Limited Load,,2027-05-18,9:00 AM,2027-05-20,6:00 AM,29,,29,$983.25,page10
FL,Searcher,3 Day,,2027-05-18,10:00 AM,2027-05-21,8:00 AM,18,,9,$1885,page10
FL,Shogun,4 Day,,2027-05-19,10:00 AM,2027-05-23,6:00 AM,24,,19,$2343.25,page10
FL,Excel,3 Day,,2027-05-19,11:00 AM,2027-05-22,8:00 AM,33,,29,$1842.30,page10
FL,Pacific Queen,3 Day Limited Load,,2027-05-20,9:00 AM,2027-05-23,6:00 AM,24,,22,$1552.50,page10
FL,Royal Polaris,4 Day,,2027-05-20,10:00 AM,2027-05-24,6:00 AM,24,,19,$3296,page10
FL,Royal Star,4 Day,,2027-05-21,10:00 AM,2027-05-25,8:00 AM,,,Chartered,,page10
FL,Excel,3 Day,,2027-05-22,11:00 AM,2027-05-25,8:00 AM,33,,29,$1842.30,page10
FL,Pacific Queen,2 Day Limited Load,,2027-05-23,9:00 AM,2027-05-25,6:00 AM,29,,29,$983.25,page10
FL,Shogun,3 Day,,2027-05-23,10:00 AM,2027-05-26,6:00 AM,25,,25,$1673.75,page10
FL,Pacific Queen,2 Day Limited Load,,2027-05-25,9:00 AM,2027-05-27,6:00 AM,29,,29,$983.25,page10
FL,Royal Star,3 Day,,2027-05-25,10:00 AM,2027-05-28,8:00 AM,22,,Waitlist Only,$1994.08,page10
FL,Excel,4 Day,,2027-05-25,11:00 AM,2027-05-29,8:00 AM,25,,Waitlist Only,$3301.65,page10
FL,Shogun,3 Day Ultra Limited Load,,2027-05-26,10:00 AM,2027-05-29,6:00 AM,20,,16,$2008.50,page10
FL,Pacific Queen,2 Day Limited Load,,2027-05-27,9:00 AM,2027-05-29,6:00 AM,29,,29,$983.25,page10
FL,Royal Polaris,8 Day,,2027-05-27,10:00 AM,2027-06-04,6:00 AM,28,,21,$4017,page10
FL,Royal Star,3 Day,,2027-05-28,10:00 AM,2027-05-31,8:00 AM,24,,9,$1828.25,page10
FL,Searcher,3 Day,,2027-05-28,10:00 AM,2027-05-31,8:00 AM,27,,7,$1335,page10
FL,Pacific Queen,2 Day Limited Load,,2027-05-29,9:00 AM,2027-05-31,6:00 AM,29,,23,$983.25,page10
FL,Shogun,3 Day,,2027-05-29,10:00 AM,2027-06-01,6:00 AM,25,,21,$1673.75,page10
FL,Excel,3 Day,,2027-05-29,11:00 AM,2027-06-01,8:00 AM,25,,5,$2421.90,page11
FL,Pacific Queen,3 Day Limited Load,,2027-05-31,9:00 AM,2027-06-03,6:00 AM,24,,22,$1552.50,page11
FL,Royal Star,4 Day,,2027-05-31,10:00 AM,2027-06-04,8:00 AM,20,,Waitlist Only,$2806.75,page11
FL,Searcher,3 Day,,2027-06-01,10:00 AM,2027-06-04,8:00 AM,18,,3,$1885,page11
FL,Excel,3 Day,,2027-06-01,11:00 AM,2027-06-04,8:00 AM,25,,1,$2421.90,page11
FL,Pacific Queen,3 Day,,2027-06-03,9:00 AM,2027-06-06,6:00 AM,,,Chartered,,page11
FL,Searcher,3 Day,,2027-06-04,10:00 AM,2027-06-07,8:00 AM,18,,Waitlist Only,$1915,page11
FL,Shogun,3 Day,,2027-06-04,10:00 AM,2027-06-07,6:00 AM,21,,,$1998.20,page11
FL,Excel,8 Day,,2027-06-04,11:00 AM,2027-06-12,8:00 AM,33,,6,$3922.65,page11
FL,Royal Star,3 Day,,2027-06-05,10:00 AM,2027-06-08,8:00 AM,,,Chartered,,page11
FL,Pacific Queen,3 Day,,2027-06-06,9:00 AM,2027-06-09,6:00 AM,24,,22,$1552.50,page11
FL,Shogun,3 Day,,2027-06-07,10:00 AM,2027-06-10,6:00 AM,25,,22,$1751,page11
FL,Royal Star,4 Day,,2027-06-08,10:00 AM,2027-06-12,8:00 AM,24,,3,$2497.75,page11
FL,Searcher,3 Day,,2027-06-08,10:00 AM,2027-06-11,8:00 AM,18,,7,$1885,page11
FL,Pacific Queen,3.5 Day,,2027-06-09,5:00 PM,2027-06-13,6:00 AM,,,Chartered,,page11
FL,Pegasus,2 Day Limited Load,,2027-06-10,6:00 PM,2027-06-11,5:00 PM,,,Chartered,,page11
FL,Shogun,8 Day,,2027-06-11,8:00 AM,2027-06-19,6:00 AM,24,,6,$3718.30,page11
FL,Royal Polaris,3 Day,,2027-06-11,10:00 AM,2027-06-14,6:00 AM,20,,Waitlist Only,$2781,page11
FL,Searcher,3 Day,,2027-06-11,10:00 AM,2027-06-14,8:00 AM,27,,4,$1335,page11
FL,Royal Star,5 Day,,2027-06-12,10:00 AM,2027-06-17,8:00 AM,24,,2,$3193,page11
FL,Excel,3 Day,,2027-06-12,11:00 AM,2027-06-15,8:00 AM,34,,10,$1842.30,page11
FL,Pacific Queen,3 Day,,2027-06-13,9:00 AM,2027-06-16,6:00 AM,24,,24,$1604.25,page11
FL,Pegasus,3 Day,,2027-06-13,10:00 AM,2027-06-16,6:00 AM,,,Chartered,,page11
FL,Excel,4 Day,,2027-06-15,11:00 AM,2027-06-19,8:00 AM,25,,3,$3301.65,page11
FL,Pacific Queen,2 Day Limited Load,,2027-06-16,9:00 AM,2027-06-18,6:00 AM,,,Chartered,,page11
FL,Royal Star,3 Day,,2027-06-17,10:00 AM,2027-06-20,8:00 AM,24,,Waitlist Only,$1828.25,page11
FL,Pacific Queen,2 Day Limited Load,,2027-06-18,9:00 AM,2027-06-20,6:00 AM,,,Chartered,,page11
FL,Searcher,3 Day,,2027-06-18,10:00 AM,2027-06-21,8:00 AM,18,,Waitlist Only,$2055,page11
FL,Shogun,3 Day,,2027-06-19,10:00 AM,2027-06-22,6:00 AM,,,Chartered,,page11
FL,Excel,3 Day,,2027-06-19,11:00 AM,2027-06-22,8:00 AM,33,,Waitlist Only,$1842.30,page11
FL,Pacific Queen,3 Day,,2027-06-20,9:00 AM,2027-06-23,6:00 AM,24,,24,$1604.25,page11
FL,Royal Star,3 Day,,2027-06-20,10:00 AM,2027-06-23,8:00 AM,24,,24,$1828.25,page11
FL,Shogun,3 Day,,2027-06-22,10:00 AM,2027-06-25,6:00 AM,24,,20,$1854,page11
FL,Royal Star,3 Day,,2027-06-23,10:00 AM,2027-06-26,8:00 AM,24,,Waitlist Only,$1848.85,page11
FL,Pacific Queen,1.5 Day,,2027-06-23,6:00 PM,2027-06-25,6:00 AM,,,Chartered,,page11
FL,Pacific Queen,3 Day Limited Load,,2027-06-25,9:00 AM,2027-06-28,6:00 AM,,,Chartered,,page11
FL,Pegasus,2 Day Limited Load,,2027-06-25,10:00 AM,2027-06-27,6:00 AM,,,Chartered,,page11
FL,Shogun,3 Day Ultra Limited Load,,2027-06-25,10:00 AM,2027-06-28,6:00 AM,,,Chartered,,page11
FL,Royal Star,3 Day,,2027-06-26,10:00 AM,2027-06-29,8:00 AM,24,,Waitlist Only,$1848.85,page11
FL,Pacific Queen,2 Day (No Passports),,2027-06-28,9:00 AM,2027-06-30,6:00 AM,29,,25,$1035,page11
FL,Searcher,2 Day,,2027-06-28,10:00 AM,2027-06-30,8:00 AM,24,,16,$940,page11
FL,Shogun,4 Day,,2027-06-28,10:00 AM,2027-07-02,6:00 AM,24,,20,$2446.25,page11
FL,Excel,3 Day,,2027-06-28,11:00 AM,2027-07-01,8:00 AM,,,Chartered,,page11
FL,Royal Star,3 Day,,2027-06-29,10:00 AM,2027-07-02,8:00 AM,24,,Waitlist Only,$1848.85,page11
FL,Pacific Queen,2 Day Limited Load,,2027-06-30,9:00 AM,2027-07-02,6:00 AM,,,Chartered,,page11
FL,Searcher,3 Day,,2027-06-30,10:00 AM,2027-07-03,8:00 AM,27,,12,$1335,page11
FL,Excel,4 Day,,2027-07-01,11:00 AM,2027-07-05,8:00 AM,33,,Waitlist Only,$2463.30,page11
FL,Pacific Queen,2 Day (No Passports),,2027-07-02,9:00 AM,2027-07-04,6:00 AM,29,,27,$1035,page11
FL,Royal Star,8 Day,,2027-07-02,10:00 AM,2027-07-10,8:00 AM,24,,Waitlist Only,$4660.75,page11
FL,Shogun,4 Day,,2027-07-02,10:00 AM,2027-07-06,6:00 AM,24,,21,$2446.25,page11
FL,Searcher,3 Day,,2027-07-03,10:00 AM,2027-07-06,8:00 AM,27,,Waitlist Only,$1335,page12
FL,Pacific Queen,2 Day (No Passports),,2027-07-04,9:00 AM,2027-07-06,6:00 AM,29,,29,$1035,page12
FL,Excel,3 Day,,2027-07-05,11:00 AM,2027-07-08,8:00 AM,25,,Waitlist Only,$2421.90,page12
FL,Pacific Queen,3 Day,,2027-07-06,9:00 AM,2027-07-09,6:00 AM,24,,4,$1656,page12
FL,Shogun,3 Day,,2027-07-06,10:00 AM,2027-07-09,6:00 AM,24,,15,$1854,page12
FL,Pegasus,3 Day,,2027-07-08,10:00 AM,2027-07-11,7:00 AM,,,Chartered,,page12
FL,Excel,3 Day,,2027-07-08,11:00 AM,2027-07-11,8:00 AM,34,,Waitlist Only,$1842.30,page12
FL,Pacific Queen,3 Day,,2027-07-09,9:00 AM,2027-07-12,6:00 AM,,,Chartered,,page12
FL,Shogun,3 Day,,2027-07-09,10:00 AM,2027-07-12,6:00 AM,,,Chartered,,page12
FL,Royal Star,7 Day,,2027-07-10,10:00 AM,2027-07-17,8:00 AM,24,,2,$4403.25,page12
FL,Excel,8 Day,,2027-07-11,11:00 AM,2027-07-19,8:00 AM,33,,Waitlist Only,$4750.65,page12
FL,Pegasus,1.5 Day,,2027-07-11,6:00 PM,2027-07-13,6:00 AM,,,Chartered,,page12
FL,Pacific Queen,2 Day (No Passports),,2027-07-12,9:00 AM,2027-07-14,6:00 AM,29,,29,$1035,page12
FL,Shogun,4 Day,,2027-07-12,10:00 AM,2027-07-16,6:00 AM,24,,12,$2600.75,page12
FL,Pacific Queen,2 Day (No Passports),,2027-07-14,9:00 AM,2027-07-16,6:00 AM,29,,27,$1035,page12
FL,Pacific Queen,2 Day,,2027-07-16,9:00 AM,2027-07-18,7:00 AM,,,Chartered,,page12
FL,Pegasus,2 Day,,2027-07-16,10:00 AM,2027-07-18,6:00 AM,,,Chartered,,page12
FL,Shogun,3 Day,,2027-07-16,10:00 AM,2027-07-19,6:00 AM,,,Chartered,,page12
FL,Royal Star,4 Day,,2027-07-17,10:00 AM,2027-07-21,8:00 AM,24,,Waitlist Only,$2575,page12
FL,Pacific Queen,3 Day Limited Load,,2027-07-18,9:00 AM,2027-07-21,6:00 AM,26,,Full,$1604.25,page12
FL,Searcher,5 Day,,2027-07-19,10:00 AM,2027-07-24,8:00 AM,24,,Waitlist Only,$2580,page12
FL,Shogun,4 Day,,2027-07-19,10:00 AM,2027-07-23,6:00 AM,25,,19,$2600.75,page12
FL,Excel,4 Day,,2027-07-19,11:00 AM,2027-07-23,8:00 AM,33,,Waitlist Only,$2463.30,page12
FL,Pacific Queen,2 Day (No Passports),,2027-07-21,9:00 AM,2027-07-23,6:00 AM,29,,26,$1035,page12
FL,Royal Star,3 Day,,2027-07-21,10:00 AM,2027-07-24,8:00 AM,24,,Waitlist Only,$1931.25,page12
FL,Pacific Queen,2 Day,,2027-07-23,9:00 AM,2027-07-25,6:00 AM,,,Chartered,,page12
FL,Shogun,4 Day,,2027-07-23,10:00 AM,2027-07-27,6:00 AM,,,Chartered,,page12
FL,Excel,8 Day,,2027-07-23,11:00 AM,2027-07-31,8:00 AM,,,Chartered,,page12
FL,Pegasus,1.5 Day,,2027-07-23,7:00 PM,2027-07-25,6:00 AM,,,Chartered,,page12
FL,Royal Star,4 Day,,2027-07-24,10:00 AM,2027-07-28,8:00 AM,24,,2,$2575,page12
FL,Searcher,8 Day,,2027-07-24,10:00 AM,2027-08-01,8:00 AM,25,,10,$4145,page12
FL,Pacific Queen,3 Day,,2027-07-25,10:00 AM,2027-07-28,6:00 AM,,,Chartered,,page12
FL,Pegasus,3 Day,,2027-07-27,10:00 AM,2027-07-30,6:00 AM,,,Chartered,,page12
FL,Shogun,4 Day,,2027-07-27,10:00 AM,2027-07-31,6:00 AM,22,,11,$2935.50,page12
FL,Royal Star,3 Day,,2027-07-28,10:00 AM,2027-07-31,8:00 AM,24,,Waitlist Only,$1931.25,page12
FL,Pacific Queen,3.5 Day,,2027-07-28,5:00 PM,2027-08-01,6:00 AM,,,Chartered,,page12
FL,Pegasus,3 Day,,2027-07-30,10:00 AM,2027-08-01,6:00 AM,,,Chartered,,page12
FL,Royal Star,7 Day,,2027-07-31,10:00 AM,2027-08-07,8:00 AM,24,,Waitlist Only,$4403.25,page12
FL,Excel,8 Day,,2027-07-31,11:00 AM,2027-08-08,8:00 AM,33,,3,$4750.65,page12
FL,Searcher,3 Day,,2027-08-01,10:00 AM,2027-08-04,8:00 AM,18,,Waitlist Only,$2075,page12
FL,Pacific Queen,1.5 Day,,2027-08-01,6:00 PM,2027-08-03,6:00 AM,,,Chartered,,page12
FL,Pacific Queen,3.5 Day,,2027-08-03,6:00 PM,2027-08-07,6:00 AM,,,Chartered,,page12
FL,Searcher,3 Day,,2027-08-06,10:00 AM,2027-08-09,8:00 AM,27,,1,$1670,page12
FL,Pacific Queen,3 Day,,2027-08-07,9:00 AM,2027-08-10,6:00 AM,,,Chartered,,page12
FL,Royal Star,7 Day,,2027-08-07,10:00 AM,2027-08-14,8:00 AM,24,,8,$4403.25,page12
FL,Excel,8 Day,,2027-08-08,11:00 AM,2027-08-16,8:00 AM,33,,1,$4750.65,page12
FL,Searcher,4 Day,,2027-08-09,10:00 AM,2027-08-13,8:00 AM,27,,Waitlist Only,$2195,page12
FL,Pacific Queen,2 Day,,2027-08-10,9:00 AM,2027-08-12,6:00 AM,,,Chartered,,page13
FL,Shogun,3 Day,,2027-08-10,10:00 AM,2027-08-13,6:00 AM,,,Chartered,,page13
FL,Pacific Queen,Reverse 1.5 Day,,2027-08-12,8:00 AM,2027-08-13,6:00 PM,,,Chartered,,page13
FL,Pegasus,3 Day,,2027-08-13,10:00 AM,2027-08-16,6:00 AM,,,Chartered,,page13
FL,Searcher,3 Day,,2027-08-13,10:00 AM,2027-08-16,8:00 AM,27,,Waitlist Only,$1670,page13
FL,Shogun,13 Day,,2027-08-13,12:00 PM,2027-08-26,8:00 AM,,,Chartered,,page13
FL,Pacific Queen,1.5 Day,,2027-08-13,7:00 PM,2027-08-15,6:00 AM,,,Chartered,,page13
FL,Pacific Queen,3 Day,,2027-08-15,9:00 AM,2027-08-18,6:00 AM,,,Chartered,,page13
FL,Pacific Queen,Overnight,,2027-08-18,7:00 PM,2027-08-19,6:00 PM,,,Chartered,,page13
FL,Excel,4 Day,,2027-08-19,11:00 AM,2027-08-23,8:00 AM,,,Chartered,,page13
FL,Pacific Queen,3.5 Day,,2027-08-19,5:00 PM,2027-08-23,6:00 AM,,,Chartered,,page13
FL,Pegasus,2 Day,,2027-08-20,10:00 AM,2027-08-22,6:00 AM,,,Chartered,,page13
FL,Pacific Queen,3 Day,,2027-08-23,9:00 AM,2027-08-26,6:00 AM,,,Chartered,,page13
FL,Excel,8 Day,,2027-08-23,11:00 AM,2027-08-31,8:00 AM,31,,Waitlist Only,$5019.75,page13
FL,Pacific Queen,3 Day,,2027-08-26,9:00 AM,2027-08-29,6:00 AM,,,Chartered,,page13
FL,Pegasus,3 Day,,2027-08-26,10:00 AM,2027-08-29,6:00 AM,,,Chartered,,page13
FL,Shogun,3 Day,,2027-08-26,11:00 AM,2027-08-29,6:00 AM,,,Chartered,,page13
FL,Shogun,5 Day,,2027-08-29,12:00 PM,2027-09-03,6:00 AM,,,Chartered,,page13
FL,Pacific Queen,3.5 Day,,2027-08-29,6:00 PM,2027-09-02,6:00 AM,,,Chartered,,page13
FL,Excel,10 Day,,2027-08-31,11:00 AM,2027-09-10,8:00 AM,26,,5,$6551.55,page13
FL,Pacific Queen,3.5 Day,,2027-09-02,7:00 PM,2027-09-06,6:00 AM,,,Chartered,,page13
FL,Pegasus,2 Day,,2027-09-05,10:00 AM,2027-09-07,6:00 AM,,,Chartered,,page13
FL,Shogun,3 Day,,2027-09-06,10:00 AM,2027-09-09,6:00 AM,,,Chartered,,page13
FL,Pacific Queen,3.5 Day,,2027-09-06,5:00 PM,2027-09-10,6:00 AM,,,Chartered,,page13
FL,Shogun,3 Day,,2027-09-09,10:00 AM,2027-09-12,6:00 AM,,,Chartered,,page13
FL,Excel,8 Day,,2027-09-10,11:00 AM,2027-09-18,8:00 AM,33,,Waitlist Only,$4750.65,page13
FL,Shogun,3 Day,,2027-09-16,10:00 AM,2027-09-19,6:00 AM,,,Chartered,,page13
FL,Excel,8 Day,,2027-09-18,11:00 AM,2027-09-26,8:00 AM,,,Chartered,,page13
FL,Pacific Queen,3 Day,,2027-09-19,9:00 AM,2027-09-22,6:00 AM,,,Chartered,,page13
FL,Pacific Queen,3.5 Day,,2027-09-22,5:00 PM,2027-09-26,6:00 AM,,,Chartered,,page13
FL,Excel,10 Day,,2027-09-26,11:00 AM,2027-10-06,8:00 AM,33,,1,$5164.65,page13
FL,Shogun,3 Day Ultra Limited Load,,2027-09-30,10:00 AM,2027-10-03,6:00 AM,,,Chartered,,page13
FL,Shogun,5 Day,,2027-10-03,10:00 AM,2027-10-08,6:00 AM,,,Chartered,,page13
FL,Pegasus,1.5 Day Limited Load,,2027-10-03,6:00 PM,2027-10-05,6:00 AM,,,Chartered,,page13
FL,Excel,10 Day,,2027-10-06,11:00 AM,2027-10-16,8:00 AM,27,,2,$6303.15,page13
FL,Excel,8 Day,,2027-10-16,11:00 AM,2027-10-24,8:00 AM,33,,Waitlist Only,$4750.65,page13
FL,Excel,10 Day,,2027-10-24,11:00 AM,2027-11-03,8:00 AM,29,,Waitlist Only,$5920.20,page13
FL,Excel,10 Day,,2027-11-03,11:00 AM,2027-11-13,8:00 AM,,,Chartered,,page13
FL,Excel,10 Day,,2027-11-13,11:00 AM,2027-11-23,8:00 AM,29,,9,$5920.20,page13
FL,Royal Star,4 Day,,2027-11-27,10:00 AM,2027-12-01,8:00 AM,24,,24,$2394.75,page13
FL,Searcher,9 Day,,2027-11-27,10:00 AM,2027-12-06,8:00 AM,20,,15,$6495,page13
FL,Excel,12 Day,,2027-11-27,11:00 AM,2027-12-09,8:00 AM,28,,Waitlist Only,$6831,page13
FL,Shogun,8 Day,,2027-12-07,10:00 AM,2027-12-15,6:00 AM,22,,22,$3965.50,page13
FL,Shogun,5 Day,,2027-12-26,7:00 AM,2027-12-31,6:00 AM,25,,25,$2163,page13
FL,Royal Star,7 Day,,2027-12-26,10:00 AM,2028-01-02,8:00 AM,24,,24,$4114.85,page13
SF,Cortez,2 Day,,2026-09-04,10:00 AM,2026-09-06,6:00 AM,14,,Full,$800,page1
SF,New Seaforth,PM Half Day,,2026-09-04,12:30 PM,2026-09-04,5:30 PM,55,,21,$80,page1
SF,New Seaforth,Twilight,,2026-09-04,6:00 PM,2026-09-04,10:30 PM,55,,26,$75,page1
SF,Pacific Voyager,2 Day,,2026-09-04,8:00 PM,2026-09-06,5:00 PM,20,,Full,$950,page1
SF,Tribute,2.5 Day Limited Load,,2026-09-04,9:00 PM,2026-09-07,6:00 AM,26,,Full,"$1,275",page1
SF,New Seaforth,AM Half Day,,2026-09-05,6:00 AM,2026-09-05,11:30 AM,55,,Full,$80,page1
SF,New Seaforth,Twilight,,2026-09-05,6:00 PM,2026-09-05,10:30 PM,55,,34,$75,page1
SF,Pacifica,1.5 Day,,2026-09-05,7:00 PM,2026-09-07,6:00 AM,28,,Full,$555,page1
SF,Apollo,3 Day Limited Load,,2026-09-05,9:00 PM,2026-09-08,7:00 PM,20,,6,"$1,500",page1
SF,Sea Watch,Full Day (Passport Required),,2026-09-06,5:30 AM,2026-09-06,5:00 PM,30,,Full,$250,page1
SF,New Seaforth,AM Half Day,,2026-09-06,6:00 AM,2026-09-06,11:30 AM,55,,Full,$80,page1
SF,New Seaforth,PM Half Day,,2026-09-06,12:30 PM,2026-09-06,5:30 PM,55,,3,$80,page1
SF,New Seaforth,Twilight,,2026-09-06,6:00 PM,2026-09-06,10:30 PM,55,,55,$75,page1
SF,San Diego,Full Day (Passport Required),,2026-09-07,5:30 AM,2026-09-07,5:00 PM,36,,Full,$250,page1
SF,Sea Watch,Full Day (Passport Required),,2026-09-07,5:30 AM,2026-09-07,5:00 PM,30,,12,$250,page1
SF,New Seaforth,AM Half Day,,2026-09-07,6:00 AM,2026-09-07,11:30 AM,55,,Full,$80,page1
SF,New Seaforth,PM Half Day,,2026-09-07,12:30 PM,2026-09-07,5:30 PM,55,,43,$80,page1
SF,New Seaforth,Twilight,,2026-09-07,6:00 PM,2026-09-07,10:30 PM,55,,54,$75,page1
SF,Tribute,Overnight Limited Load,,2026-09-07,8:00 PM,2026-09-08,6:00 PM,30,,24,$385,page1
SF,San Diego,Full Day (Passport Required),,2026-09-08,5:30 AM,2026-09-08,5:00 PM,36,,Full,$250,page1
SF,Sea Watch,Full Day (Passport Required),,2026-09-08,5:30 AM,2026-09-08,5:00 PM,30,,28,$250,page1
SF,New Seaforth,AM Half Day,,2026-09-08,6:00 AM,2026-09-08,11:30 AM,55,,50,$80,page2
SF,New Seaforth,PM Half Day,,2026-09-08,12:30 PM,2026-09-08,5:30 PM,55,,53,$80,page2
SF,Tribute,1.5 Day Limited Load,,2026-09-08,7:00 PM,2026-09-10,6:00 AM,30,,18,$555,page2
SF,Sea Watch,Full Day (Passport Required),,2026-09-09,5:30 AM,2026-09-09,5:00 PM,30,,28,$250,page2
SF,New Seaforth,AM Half Day,,2026-09-09,6:00 AM,2026-09-09,11:30 AM,55,,53,$80,page2
SF,New Seaforth,PM Half Day,,2026-09-09,12:30 PM,2026-09-09,5:30 PM,55,,53,$80,page2
SF,Outer Limits,1.5 Day Limited Load,,2026-09-09,5:00 PM,2026-09-11,6:00 AM,22,,18,$555,page2
SF,San Diego,Full Day (Passport Required),,2026-09-10,5:30 AM,2026-09-10,5:00 PM,36,,Full,$250,page2
SF,Sea Watch,Full Day (Passport Required),,2026-09-10,5:30 AM,2026-09-10,5:00 PM,30,,25,$250,page2
SF,New Seaforth,AM Half Day,,2026-09-10,6:00 AM,2026-09-10,11:30 AM,55,,52,$80,page2
SF,New Seaforth,PM Half Day,,2026-09-10,12:30 PM,2026-09-10,5:30 PM,55,,55,$80,page2
SF,New Seaforth,Twilight,,2026-09-10,6:00 PM,2026-09-10,10:30 PM,55,,55,$75,page2
SF,Aztec,Overnight,,2026-09-10,9:00 PM,2026-09-11,7:00 PM,29,,Full,$375,page2
SF,New Seaforth,AM Half Day,,2026-09-11,6:00 AM,2026-09-11,11:30 AM,55,,44,$80,page2
SF,New Seaforth,PM Half Day,,2026-09-11,12:30 PM,2026-09-11,5:30 PM,55,,55,$80,page2
SF,New Seaforth,Twilight,,2026-09-11,6:00 PM,2026-09-11,10:30 PM,55,,55,$75,page2
SF,New Seaforth,AM Half Day,,2026-09-12,6:00 AM,2026-09-12,11:30 AM,55,,34,$80,page2
SF,New Seaforth,PM Half Day,,2026-09-12,12:30 PM,2026-09-12,5:30 PM,55,,51,$80,page2
SF,New Seaforth,Twilight,,2026-09-12,6:00 PM,2026-09-12,10:30 PM,55,,53,$75,page2
SF,Sea Watch,Full Day (Passport Required),,2026-09-13,5:30 AM,2026-09-13,5:00 PM,30,,24,$250,page2
SF,New Seaforth,AM Half Day,,2026-09-13,6:00 AM,2026-09-13,11:30 AM,55,,44,$80,page2
SF,Polaris Supreme,2 Day,,2026-09-13,10:00 AM,2026-09-15,5:00 AM,24,,Full,"$1,200",page2
SF,Voyager,2 Day Limited Load,,2026-09-13,7:00 PM,2026-09-15,6:00 PM,12,,Full,$750,page2
SF,San Diego,Full Day (Passport Required),,2026-09-14,5:30 AM,2026-09-14,5:00 PM,36,,3,$250,page2
SF,New Seaforth,AM Half Day,,2026-09-14,6:00 AM,2026-09-14,11:30 AM,55,,55,$80,page2
SF,New Seaforth,PM Half Day,,2026-09-14,12:30 PM,2026-09-14,5:30 PM,55,,55,$80,page3
SF,San Diego,Full Day (Passport Required),,2026-09-15,5:30 AM,2026-09-15,5:00 PM,36,,22,$250,page3
SF,New Seaforth,AM Half Day,,2026-09-15,6:00 AM,2026-09-15,11:30 AM,55,,53,$80,page3
SF,Apollo,3 Day Limited Load,,2026-09-15,10:00 AM,2026-09-18,6:00 AM,18,,Full,"$1,500",page3
SF,Polaris Supreme,2 Day,,2026-09-15,10:00 AM,2026-09-17,5:00 AM,24,,Full,"$1,200",page3
SF,New Seaforth,PM Half Day,,2026-09-15,12:30 PM,2026-09-15,5:30 PM,55,,55,$80,page3
SF,Tribute,Overnight Limited Load,,2026-09-15,8:00 PM,2026-09-16,8:00 PM,30,,26,$385,page3
SF,San Diego,Full Day (Passport Required),,2026-09-16,5:30 AM,2026-09-16,5:00 PM,36,,Full,$250,page3
SF,Sea Watch,Full Day (Passport Required),,2026-09-16,5:30 AM,2026-09-16,5:00 PM,30,,30,$250,page3
SF,New Seaforth,AM Half Day,,2026-09-16,6:00 AM,2026-09-16,11:30 AM,55,,55,$80,page3
SF,New Seaforth,PM Half Day,,2026-09-16,12:30 PM,2026-09-16,5:30 PM,55,,55,$80,page3
SF,Tribute,1.5 Day Limited Load,,2026-09-16,7:00 PM,2026-09-18,6:00 AM,30,,1,$555,page3
SF,Sea Watch,Full Day (Passport Required),,2026-09-17,5:30 AM,2026-09-17,5:00 PM,30,,30,$250,page3
SF,New Seaforth,AM Half Day,,2026-09-17,6:00 AM,2026-09-17,11:30 AM,55,,55,$80,page3
SF,Polaris Supreme,3 Day,,2026-09-17,10:00 AM,2026-09-20,5:00 AM,24,,Full,"$1,850",page3
SF,New Seaforth,PM Half Day,,2026-09-17,12:30 PM,2026-09-17,5:30 PM,55,,55,$80,page3
SF,New Seaforth,Twilight,,2026-09-17,6:00 PM,2026-09-17,10:30 PM,55,,55,$75,page3
SF,Sea Watch,Full Day (Passport Required),,2026-09-18,5:30 AM,2026-09-18,5:00 PM,30,,28,$250,page3
SF,New Seaforth,AM Half Day,,2026-09-18,6:00 AM,2026-09-18,11:30 AM,55,,55,$80,page3
SF,Apollo,2.5 Day Limited Load,,2026-09-18,10:00 AM,2026-09-20,7:00 PM,19,,Full,"$1,200",page3
SF,New Seaforth,PM Half Day,,2026-09-18,12:30 PM,2026-09-18,5:30 PM,55,,45,$80,page3
SF,New Seaforth,Twilight,,2026-09-18,6:00 PM,2026-09-18,10:30 PM,55,,52,$75,page3
SF,Outer Limits,2.5 Day Limited Load,,2026-09-18,9:00 PM,2026-09-21,6:00 AM,20,,13,"$1,100",page3
SF,Sea Watch,Full Day (Passport Required),,2026-09-19,5:30 AM,2026-09-19,5:00 PM,30,,30,$250,page3
SF,San Diego,Full Day (Passport Required),,2026-09-20,5:30 AM,2026-09-20,5:00 PM,36,,Full,$250,page3
SF,Sea Watch,Full Day (Passport Required),,2026-09-20,5:30 AM,2026-09-20,5:00 PM,30,,30,$250,page4
SF,New Seaforth,AM Half Day,,2026-09-20,6:00 AM,2026-09-20,11:30 AM,55,,55,$80,page4
SF,Polaris Supreme,3 Day,,2026-09-20,10:00 AM,2026-09-23,5:00 AM,24,,Full,"$1,900",page4
SF,New Seaforth,PM Half Day,,2026-09-20,12:30 PM,2026-09-20,5:30 PM,55,,47,$80,page4
SF,Highliner,2 Day Limited Load,,2026-09-20,9:00 PM,2026-09-22,7:00 PM,22,,Full,$750,page4
SF,San Diego,Full Day (Passport Required),,2026-09-21,5:30 AM,2026-09-21,5:00 PM,36,,27,$250,page4
SF,New Seaforth,AM Half Day,,2026-09-21,6:00 AM,2026-09-21,11:30 AM,55,,55,$80,page4
SF,New Seaforth,PM Half Day,,2026-09-21,12:30 PM,2026-09-21,5:30 PM,55,,51,$80,page4
SF,Tribute,Overnight,,2026-09-21,7:00 PM,2026-09-22,6:00 PM,30,,30,$385,page4
SF,Pacifica,Overnight,,2026-09-21,7:00 PM,2026-09-22,5:00 PM,28,,25,$340,page4
SF,San Diego,Full Day (Passport Required),,2026-09-22,5:30 AM,2026-09-22,5:00 PM,36,,34,$250,page4
SF,New Seaforth,AM Half Day,,2026-09-22,6:00 AM,2026-09-22,11:30 AM,55,,49,$80,page4
SF,New Seaforth,PM Half Day,,2026-09-22,12:30 PM,2026-09-22,5:30 PM,55,,55,$80,page4
SF,Tribute,1.5 Day Limited Load,,2026-09-22,7:00 PM,2026-09-24,6:00 AM,30,,21,$555,page4
SF,San Diego,Full Day (Passport Required),,2026-09-23,5:30 AM,2026-09-23,5:00 PM,36,,15,$250,page4
SF,New Seaforth,AM Half Day,,2026-09-23,6:00 AM,2026-09-23,11:30 AM,55,,51,$80,page4
SF,Polaris Supreme,3 Day,,2026-09-23,10:00 AM,2026-09-26,5:00 AM,18,,Full,"$2,365",page4
SF,New Seaforth,PM Half Day,,2026-09-23,12:30 PM,2026-09-23,5:30 PM,55,,55,$80,page4
SF,San Diego,Full Day (Passport Required),,2026-09-24,5:30 AM,2026-09-24,5:00 PM,36,,27,$250,page4
SF,New Seaforth,AM Half Day,,2026-09-24,6:00 AM,2026-09-24,11:30 AM,55,,50,$80,page4
SF,New Seaforth,PM Half Day,,2026-09-24,12:30 PM,2026-09-24,5:30 PM,55,,55,$80,page4
SF,New Seaforth,Twilight,,2026-09-24,6:00 PM,2026-09-24,10:30 PM,55,,55,$75,page4
SF,Outer Limits,Overnight Limited Load,,2026-09-24,8:00 PM,2026-09-25,6:00 PM,22,,19,$385,page4
SF,Aztec,2.5 Day,,2026-09-24,9:00 PM,2026-09-27,6:00 AM,26,,Full,"$1,050",page4
SF,Sea Watch,Full Day (Passport Required),,2026-09-25,5:30 AM,2026-09-25,5:00 PM,30,,24,$250,page4
SF,New Seaforth,AM Half Day,,2026-09-25,6:00 AM,2026-09-25,11:30 AM,55,,10,$80,page5
SF,New Seaforth,PM Half Day,,2026-09-25,12:30 PM,2026-09-25,5:30 PM,55,,21,$80,page5
SF,New Seaforth,Twilight,,2026-09-25,6:00 PM,2026-09-25,10:30 PM,55,,55,$75,page5
SF,Apollo,Overnight Limited Load,,2026-09-25,7:00 PM,2026-09-26,6:00 PM,20,,2,$395,page5
SF,New Seaforth,AM Half Day,,2026-09-26,6:00 AM,2026-09-26,11:30 AM,55,,28,$80,page5
SF,Polaris Supreme,3 Day,,2026-09-26,10:00 AM,2026-09-29,5:00 AM,24,,Full,"$1,790",page5
SF,New Seaforth,PM Half Day,,2026-09-26,12:30 PM,2026-09-26,5:30 PM,55,,51,$80,page5
SF,New Seaforth,Twilight,,2026-09-26,6:00 PM,2026-09-26,10:30 PM,55,,55,$75,page5
SF,Sea Watch,Full Day (Passport Required),,2026-09-27,5:30 AM,2026-09-27,5:00 PM,30,,29,$250,page5
SF,New Seaforth,AM Half Day,,2026-09-27,6:00 AM,2026-09-27,11:30 AM,55,,43,$80,page5
SF,New Seaforth,PM Half Day,,2026-09-27,12:30 PM,2026-09-27,5:30 PM,55,,55,$80,page5
SF,Tribute,1.5 Day Limited Load,,2026-09-27,7:00 PM,2026-09-29,6:00 AM,30,,24,$555,page5
SF,Voyager,2 Day Limited Load,,2026-09-27,9:00 PM,2026-09-29,6:00 PM,12,,Full,$750,page5
SF,San Diego,Full Day (Passport Required),,2026-09-28,5:30 AM,2026-09-28,5:00 PM,36,,32,$250,page5
SF,New Seaforth,AM Half Day,,2026-09-28,6:00 AM,2026-09-28,11:30 AM,55,,48,$80,page5
SF,New Seaforth,PM Half Day,,2026-09-28,12:30 PM,2026-09-28,5:30 PM,55,,55,$80,page5
SF,San Diego,Full Day (Passport Required),,2026-09-29,5:30 AM,2026-09-29,5:00 PM,36,,33,$250,page5
SF,New Seaforth,AM Half Day,,2026-09-29,6:00 AM,2026-09-29,11:30 AM,55,,55,$80,page5
SF,Polaris Supreme,3 Day,,2026-09-29,10:00 AM,2026-10-02,5:00 AM,20,,Full,"$2,145",page5
SF,New Seaforth,PM Half Day,,2026-09-29,12:30 PM,2026-09-29,5:30 PM,55,,55,$80,page5
SF,Tribute,Overnight Limited Load,,2026-09-29,8:00 PM,2026-09-30,5:00 PM,30,,30,$385,page5
SF,San Diego,Full Day (Passport Required),,2026-09-30,5:30 AM,2026-09-30,5:00 PM,36,,33,$250,page5
SF,New Seaforth,AM Half Day,,2026-09-30,6:00 AM,2026-09-30,11:30 AM,55,,55,$80,page5
SF,Apollo,2.5 Day Limited Load,,2026-09-30,10:00 AM,2026-10-02,6:00 PM,20,,19,"$1,125",page5
SF,New Seaforth,PM Half Day,,2026-09-30,12:30 PM,2026-09-30,5:30 PM,55,,55,$80,page5
SF,Tribute,1.5 Day Limited Load,,2026-09-30,7:00 PM,2026-10-02,6:00 AM,30,,22,$555,page6
SF,San Diego,Full Day (Passport Required),,2026-10-01,5:30 AM,2026-10-01,5:00 PM,36,,29,$250,page6
SF,New Seaforth,AM Half Day,,2026-10-01,6:00 AM,2026-10-01,11:30 AM,55,,55,$80,page6
SF,New Seaforth,PM Half Day,,2026-10-01,12:30 PM,2026-10-01,5:30 PM,55,,55,$80,page6
SF,Pacifica,Overnight,,2026-10-01,7:00 PM,2026-10-02,5:00 PM,28,,28,$340,page6
SF,Polaris Supreme,5 Day,,2026-10-02,10:00 AM,2026-10-07,5:00 AM,24,,Full,"$2,685",page6
SF,Pacifica,2 Day,,2026-10-02,7:00 PM,2026-10-04,5:00 PM,24,,22,$735,page6
SF,Apollo,2 Day Limited Load,,2026-10-02,8:00 PM,2026-10-04,6:00 PM,20,,Full,$850,page6
SF,San Diego,Full Day (Passport Required),,2026-10-03,5:30 AM,2026-10-03,5:00 PM,36,,Full,$250,page6
SF,New Seaforth,AM Half Day,,2026-10-03,6:00 AM,2026-10-03,11:30 AM,55,,48,$80,page6
SF,New Seaforth,PM Half Day,,2026-10-03,12:30 PM,2026-10-03,5:30 PM,55,,53,$80,page6
SF,San Diego,Full Day (Passport Required),,2026-10-04,5:30 AM,2026-10-04,5:00 PM,36,,34,$250,page6
SF,New Seaforth,AM Half Day,,2026-10-04,6:00 AM,2026-10-04,11:30 AM,55,,50,$80,page6
SF,Aztec,2 Day Limited Load,,2026-10-04,10:00 AM,2026-10-06,6:00 AM,26,,17,$900,page6
SF,New Seaforth,PM Half Day,,2026-10-04,12:30 PM,2026-10-04,5:30 PM,55,,55,$80,page6
SF,Tribute,1.5 Day Limited Load,,2026-10-04,7:00 PM,2026-10-06,6:00 AM,30,,24,$555,page6
SF,San Diego,Full Day (Passport Required),,2026-10-05,5:30 AM,2026-10-05,5:00 PM,36,,36,$250,page6
SF,New Seaforth,AM Half Day,,2026-10-05,6:00 AM,2026-10-05,11:30 AM,55,,55,$80,page6
SF,New Seaforth,PM Half Day,,2026-10-05,12:30 PM,2026-10-05,5:30 PM,55,,55,$80,page6
SF,Cortez,1.5 Day Limited Load,,2026-10-05,5:00 PM,2026-10-07,6:00 AM,17,,17,$555,page6
SF,Apollo,2 Day Limited Load,,2026-10-05,8:00 PM,2026-10-07,6:00 PM,20,,19,$850,page6
SF,San Diego,Full Day (Passport Required),,2026-10-06,5:30 AM,2026-10-06,5:00 PM,36,,35,$250,page6
SF,New Seaforth,AM Half Day,,2026-10-06,6:00 AM,2026-10-06,11:30 AM,55,,55,$80,page6
SF,Aztec,2 Day Limited Load,,2026-10-06,10:00 AM,2026-10-08,6:00 AM,26,,24,$900,page6
SF,New Seaforth,PM Half Day,,2026-10-06,12:30 PM,2026-10-06,5:30 PM,55,,55,$80,page6
SF,Tribute,Overnight Limited Load,,2026-10-06,5:00 PM,2026-10-07,5:00 PM,30,,30,$385,page7
SF,Pacifica,1.5 Day,,2026-10-06,7:00 PM,2026-10-08,6:00 AM,28,,28,$555,page7
SF,San Diego,Full Day (Passport Required),,2026-10-07,5:30 AM,2026-10-07,5:00 PM,36,,33,$250,page7
SF,New Seaforth,AM Half Day,,2026-10-07,6:00 AM,2026-10-07,11:30 AM,55,,52,$80,page7
SF,Polaris Supreme,8 Day,,2026-10-07,10:00 AM,2026-10-15,5:00 AM,24,,Full,"$4,295",page7
SF,New Seaforth,PM Half Day,,2026-10-07,12:30 PM,2026-10-07,5:30 PM,55,,52,$80,page7
SF,Cortez,1.5 Day Limited Load,,2026-10-07,5:00 PM,2026-10-09,6:00 AM,17,,16,$555,page7
SF,San Diego,Full Day (Passport Required),,2026-10-08,5:30 AM,2026-10-08,5:00 PM,36,,34,$250,page7
SF,New Seaforth,AM Half Day,,2026-10-08,6:00 AM,2026-10-08,11:30 AM,55,,55,$80,page7
SF,Aztec,1.5 Day Limited Load,,2026-10-08,10:00 AM,2026-10-09,6:00 PM,29,,20,$555,page7
SF,New Seaforth,PM Half Day,,2026-10-08,12:30 PM,2026-10-08,5:30 PM,55,,55,$80,page7
SF,Pacifica,Overnight,,2026-10-08,7:00 PM,2026-10-09,5:00 PM,28,,28,$340,page7
SF,New Seaforth,AM Half Day,,2026-10-09,6:00 AM,2026-10-09,11:30 AM,55,,55,$80,page7
SF,New Seaforth,PM Half Day,,2026-10-09,12:30 PM,2026-10-09,5:30 PM,55,,55,$80,page7
SF,New Seaforth,AM Half Day,,2026-10-10,6:00 AM,2026-10-10,11:30 AM,55,,55,$80,page7
SF,New Seaforth,PM Half Day,,2026-10-10,12:30 PM,2026-10-10,5:30 PM,55,,55,$80,page7
SF,San Diego,Full Day (Passport Required),,2026-10-11,5:30 AM,2026-10-11,5:00 PM,36,,30,$250,page7
SF,New Seaforth,AM Half Day,,2026-10-11,6:00 AM,2026-10-11,11:30 AM,55,,55,$80,page7
SF,New Seaforth,PM Half Day,,2026-10-11,12:30 PM,2026-10-11,5:30 PM,55,,55,$80,page7
SF,Tribute,1.5 Day Limited Load,,2026-10-11,7:00 PM,2026-10-13,6:00 AM,30,,24,$555,page7
SF,Aztec,Overnight,,2026-10-11,8:00 PM,2026-10-12,5:00 PM,29,,23,$375,page7
SF,San Diego,Full Day (Passport Required),,2026-10-12,5:30 AM,2026-10-12,5:00 PM,36,,36,$250,page7
SF,New Seaforth,AM Half Day,,2026-10-12,6:00 AM,2026-10-12,11:30 AM,55,,55,$80,page7
SF,New Seaforth,PM Half Day,,2026-10-12,12:30 PM,2026-10-12,5:30 PM,55,,55,$80,page7
SF,Cortez,1.5 Day Limited Load,,2026-10-12,5:00 PM,2026-10-14,6:00 AM,17,,17,$555,page7
SF,Apollo,2 Day Limited Load,,2026-10-12,8:00 PM,2026-10-14,6:00 PM,20,,16,$850,page8
SF,San Diego,Full Day (Passport Required),,2026-10-13,5:30 AM,2026-10-13,5:00 PM,36,,36,$250,page8
SF,New Seaforth,AM Half Day,,2026-10-13,6:00 AM,2026-10-13,11:30 AM,55,,55,$80,page8
SF,New Seaforth,PM Half Day,,2026-10-13,12:30 PM,2026-10-13,5:30 PM,55,,55,$80,page8
SF,Tribute,Overnight Limited Load,,2026-10-13,5:00 PM,2026-10-14,5:00 PM,30,,30,$385,page8
SF,Pacifica,Overnight,,2026-10-13,7:00 PM,2026-10-14,5:00 PM,28,,28,$340,page8
SF,San Diego,Full Day (Passport Required),,2026-10-14,5:30 AM,2026-10-14,5:00 PM,36,,32,$250,page8
SF,New Seaforth,AM Half Day,,2026-10-14,6:00 AM,2026-10-14,11:30 AM,55,,53,$80,page8
SF,Cortez,2 Day Limited Load,,2026-10-14,10:00 AM,2026-10-16,6:00 AM,16,,14,$900,page8
SF,New Seaforth,PM Half Day,,2026-10-14,12:30 PM,2026-10-14,5:30 PM,55,,55,$80,page8
SF,Tribute,1.5 Day Limited Load,,2026-10-14,7:00 PM,2026-10-16,6:00 AM,30,,28,$555,page8
SF,San Diego,Full Day (Passport Required),,2026-10-15,5:30 AM,2026-10-15,5:00 PM,36,,36,$250,page8
SF,New Seaforth,AM Half Day,,2026-10-15,6:00 AM,2026-10-15,11:30 AM,55,,55,$80,page8
SF,Polaris Supreme,8 Day,,2026-10-15,10:00 AM,2026-10-23,5:00 AM,22,,Full,"$4,685",page8
SF,New Seaforth,PM Half Day,,2026-10-15,12:30 PM,2026-10-15,5:30 PM,55,,55,$80,page8
SF,Pacifica,Overnight,,2026-10-15,7:00 PM,2026-10-16,5:00 PM,28,,28,$340,page8
SF,New Seaforth,AM Half Day,,2026-10-16,6:00 AM,2026-10-16,11:30 AM,55,,55,$80,page8
SF,New Seaforth,PM Half Day,,2026-10-16,12:30 PM,2026-10-16,5:30 PM,55,,55,$80,page8
SF,Tribute,1.5 Day Limited Load,,2026-10-16,7:00 PM,2026-10-18,6:00 AM,30,,Full,$555,page8
SF,New Seaforth,AM Half Day,,2026-10-17,6:00 AM,2026-10-17,11:30 AM,55,,55,$80,page8
SF,New Seaforth,PM Half Day,,2026-10-17,12:30 PM,2026-10-17,5:30 PM,55,,55,$80,page8
SF,San Diego,Full Day (Passport Required),,2026-10-18,5:30 AM,2026-10-18,5:00 PM,36,,35,$250,page8
SF,New Seaforth,AM Half Day,,2026-10-18,6:00 AM,2026-10-18,11:30 AM,55,,55,$80,page8
SF,Pacifica,2 Day,,2026-10-18,10:00 AM,2026-10-20,6:00 AM,24,,24,$735,page8
SF,New Seaforth,PM Half Day,,2026-10-18,12:30 PM,2026-10-18,5:30 PM,55,,55,$80,page8
SF,Tribute,1.5 Day Limited Load,,2026-10-18,7:00 PM,2026-10-20,6:00 AM,30,,28,$555,page9
SF,San Diego,Full Day (Passport Required),,2026-10-19,5:30 AM,2026-10-19,5:00 PM,36,,36,$250,page9
SF,New Seaforth,AM Half Day,,2026-10-19,6:00 AM,2026-10-19,11:30 AM,55,,55,$80,page9
SF,Apollo,3 Day Limited Load,,2026-10-19,10:00 AM,2026-10-22,6:00 AM,18,,11,"$1,500",page9
SF,Aztec,3 Day Limited Load,,2026-10-19,10:00 AM,2026-10-22,6:00 AM,25,,20,"$1,200",page9
SF,New Seaforth,PM Half Day,,2026-10-19,12:30 PM,2026-10-19,5:30 PM,55,,55,$80,page9
SF,San Diego,Full Day (Passport Required),,2026-10-20,5:30 AM,2026-10-20,5:00 PM,36,,36,$250,page9
SF,New Seaforth,AM Half Day,,2026-10-20,6:00 AM,2026-10-20,11:30 AM,55,,55,$80,page9
SF,New Seaforth,PM Half Day,,2026-10-20,12:30 PM,2026-10-20,5:30 PM,55,,55,$80,page9
SF,Tribute,Overnight Limited Load,,2026-10-20,5:00 PM,2026-10-21,5:00 PM,30,,27,$385,page9
SF,Cortez,1.5 Day Limited Load,,2026-10-20,5:00 PM,2026-10-22,6:00 AM,17,,17,$555,page9
SF,Pacifica,Overnight,,2026-10-20,7:00 PM,2026-10-21,5:00 PM,28,,28,$340,page9
SF,San Diego,Full Day (Passport Required),,2026-10-21,5:30 AM,2026-10-21,5:00 PM,36,,36,$250,page9
SF,New Seaforth,AM Half Day,,2026-10-21,6:00 AM,2026-10-21,11:30 AM,55,,55,$80,page9
SF,New Seaforth,PM Half Day,,2026-10-21,12:30 PM,2026-10-21,5:30 PM,55,,55,$80,page9
SF,Tribute,1.5 Day Limited Load,,2026-10-21,7:00 PM,2026-10-23,6:00 AM,30,,30,$555,page9
SF,San Diego,Full Day (Passport Required),,2026-10-22,5:30 AM,2026-10-22,5:00 PM,36,,35,$250,page9
SF,New Seaforth,AM Half Day,,2026-10-22,6:00 AM,2026-10-22,11:30 AM,55,,55,$80,page9
SF,New Seaforth,PM Half Day,,2026-10-22,12:30 PM,2026-10-22,5:30 PM,55,,55,$80,page9
SF,San Diego,Full Day (Passport Required),,2026-10-23,5:30 AM,2026-10-23,5:00 PM,36,,36,$250,page9
SF,New Seaforth,AM Half Day,,2026-10-23,6:00 AM,2026-10-23,11:30 AM,55,,55,$80,page9
SF,Pacifica,2 Day,,2026-10-23,10:00 AM,2026-10-25,6:00 AM,24,,24,$735,page9
SF,Polaris Supreme,3 Day,,2026-10-23,10:00 AM,2026-10-26,5:00 AM,24,,Full,"$1,790",page9
SF,New Seaforth,PM Half Day,,2026-10-23,12:30 PM,2026-10-23,5:30 PM,55,,55,$80,page9
SF,Tribute,1.5 Day Limited Load,,2026-10-23,7:00 PM,2026-10-25,6:00 AM,30,,27,$555,page9
SF,San Diego,Full Day (Passport Required),,2026-10-24,5:30 AM,2026-10-24,5:00 PM,36,,34,$250,page10
SF,New Seaforth,AM Half Day,,2026-10-24,6:00 AM,2026-10-24,11:30 AM,55,,55,$80,page10
SF,New Seaforth,PM Half Day,,2026-10-24,12:30 PM,2026-10-24,5:30 PM,55,,48,$80,page10
SF,San Diego,Full Day (Passport Required),,2026-10-25,5:30 AM,2026-10-25,5:00 PM,36,,36,$250,page10
SF,New Seaforth,AM Half Day,,2026-10-25,6:00 AM,2026-10-25,11:30 AM,55,,55,$80,page10
SF,New Seaforth,PM Half Day,,2026-10-25,12:30 PM,2026-10-25,5:30 PM,55,,55,$80,page10
SF,Tribute,1.5 Day Limited Load,,2026-10-25,7:00 PM,2026-10-27,6:00 AM,30,,30,$555,page10
SF,Pacifica,1.5 Day,,2026-10-25,7:00 PM,2026-10-27,6:00 AM,28,,28,$555,page10
SF,San Diego,Full Day (Passport Required),,2026-10-26,5:30 AM,2026-10-26,5:00 PM,36,,36,$250,page10
SF,New Seaforth,AM Half Day,,2026-10-26,6:00 AM,2026-10-26,11:30 AM,55,,55,$80,page10
SF,Polaris Supreme,8 Day,,2026-10-26,10:00 AM,2026-11-03,5:00 AM,24,,2,"$4,295",page10
SF,New Seaforth,PM Half Day,,2026-10-26,12:30 PM,2026-10-26,5:30 PM,55,,55,$80,page10
SF,San Diego,Full Day (Passport Required),,2026-10-27,5:30 AM,2026-10-27,5:00 PM,36,,36,$250,page10
SF,New Seaforth,AM Half Day,,2026-10-27,6:00 AM,2026-10-27,11:30 AM,55,,55,$80,page10
SF,Pacifica,2 Day,,2026-10-27,10:00 AM,2026-10-29,6:00 AM,24,,24,$735,page10
SF,New Seaforth,PM Half Day,,2026-10-27,12:30 PM,2026-10-27,5:30 PM,55,,55,$80,page10
SF,Tribute,Overnight Limited Load,,2026-10-27,5:00 PM,2026-10-28,5:00 PM,30,,30,$385,page10
SF,San Diego,Full Day (Passport Required),,2026-10-28,5:30 AM,2026-10-28,5:00 PM,36,,36,$250,page10
SF,New Seaforth,AM Half Day,,2026-10-28,6:00 AM,2026-10-28,11:30 AM,55,,55,$80,page10
SF,New Seaforth,PM Half Day,,2026-10-28,12:30 PM,2026-10-28,5:30 PM,55,,55,$80,page10
SF,Tribute,1.5 Day Limited Load,,2026-10-28,7:00 PM,2026-10-30,6:00 AM,30,,30,$555,page10
SF,San Diego,Full Day (Passport Required),,2026-10-29,5:30 AM,2026-10-29,5:00 PM,36,,36,$250,page10
SF,New Seaforth,AM Half Day,,2026-10-29,6:00 AM,2026-10-29,11:30 AM,55,,55,$80,page10
SF,Aztec,2 Day Limited Load,,2026-10-29,10:00 AM,2026-10-31,6:00 AM,26,,26,$900,page10
SF,New Seaforth,PM Half Day,,2026-10-29,12:30 PM,2026-10-29,5:30 PM,55,,55,$80,page10
SF,Pacifica,1.5 Day,,2026-10-29,7:00 PM,2026-10-31,6:00 AM,28,,28,$555,page11
SF,San Diego,Full Day (Passport Required),,2026-10-30,5:30 AM,2026-10-30,5:00 PM,36,,36,$250,page11
SF,New Seaforth,AM Half Day,,2026-10-30,6:00 AM,2026-10-30,11:30 AM,55,,53,$80,page11
SF,New Seaforth,PM Half Day,,2026-10-30,12:30 PM,2026-10-30,5:30 PM,55,,55,$80,page11
SF,Tribute,1.5 Day Limited Load,,2026-10-30,7:00 PM,2026-11-01,6:00 AM,30,,30,$555,page11
SF,San Diego,Full Day (Passport Required),,2026-10-31,5:30 AM,2026-10-31,5:00 PM,36,,36,$250,page11
SF,New Seaforth,AM Half Day,,2026-10-31,6:00 AM,2026-10-31,11:30 AM,55,,55,$80,page11
SF,San Diego,Full Day (Passport Required),,2026-11-01,5:30 AM,2026-11-01,5:00 PM,36,,34,$250,page11
SF,Aztec,3 Day Limited Load,,2026-11-01,10:00 AM,2026-11-04,6:00 AM,25,,25,"$1,200",page11
SF,Pacifica,1.5 Day,,2026-11-01,7:00 PM,2026-11-03,6:00 AM,28,,28,$555,page11
SF,Tribute,1.5 Day Limited Load,,2026-11-01,7:00 PM,2026-11-03,6:00 AM,30,,30,$555,page11
SF,San Diego,Full Day (Passport Required),,2026-11-02,5:30 AM,2026-11-02,5:00 PM,36,,36,$250,page11
SF,San Diego,Full Day (Passport Required),,2026-11-03,5:30 AM,2026-11-03,5:00 PM,36,,36,$250,page11
SF,Pacifica,1.5 Day,,2026-11-03,7:00 PM,2026-11-05,6:00 AM,28,,28,$555,page11
SF,San Diego,Full Day (Passport Required),,2026-11-04,5:30 AM,2026-11-04,5:00 PM,36,,36,$250,page11
SF,Tribute,1.5 Day Limited Load,,2026-11-04,7:00 PM,2026-11-06,6:00 AM,30,,30,$555,page11
SF,San Diego,Full Day (Passport Required),,2026-11-05,5:30 AM,2026-11-05,5:00 PM,36,,36,$250,page11
SF,San Diego,Full Day (Passport Required),,2026-11-06,5:30 AM,2026-11-06,5:00 PM,36,,36,$250,page11
SF,Pacifica,2 Day,,2026-11-06,10:00 AM,2026-11-08,6:00 AM,24,,24,$735,page11
SF,Tribute,1.5 Day Limited Load,,2026-11-06,7:00 PM,2026-11-08,6:00 AM,30,,30,$555,page11
SF,San Diego,Full Day (Passport Required),,2026-11-07,5:30 AM,2026-11-07,5:00 PM,36,,36,$250,page11
SF,Aztec,2 Day Limited Load,,2026-11-07,10:00 AM,2026-11-09,6:00 AM,26,,26,$900,page11
SF,San Diego,Full Day (Passport Required),,2026-11-08,5:30 AM,2026-11-08,5:00 PM,36,,36,$250,page11
SF,Tribute,1.5 Day Limited Load,,2026-11-08,7:00 PM,2026-11-10,6:00 AM,30,,30,$555,page11
SF,San Diego,Full Day (Passport Required),,2026-11-09,5:30 AM,2026-11-09,5:00 PM,36,,36,$250,page11
SF,San Diego,Full Day (Passport Required),,2026-11-10,5:30 AM,2026-11-10,5:00 PM,36,,36,$250,page12
SF,Polaris Supreme,8 Day,,2026-11-10,10:00 AM,2026-11-18,5:00 AM,22,,1,"$4,000",page12
SF,San Diego,Full Day (Passport Required),,2026-11-11,5:30 AM,2026-11-11,5:00 PM,36,,36,$250,page12
SF,Tribute,1.5 Day Limited Load,,2026-11-11,7:00 PM,2026-11-13,6:00 AM,30,,30,$555,page12
SF,San Diego,Full Day (Passport Required),,2026-11-12,5:30 AM,2026-11-12,5:00 PM,36,,36,$250,page12
SF,San Diego,Full Day (Passport Required),,2026-11-13,5:30 AM,2026-11-13,5:00 PM,36,,36,$250,page12
SF,Aztec,2 Day Limited Load,,2026-11-13,10:00 AM,2026-11-15,6:00 AM,26,,26,$900,page12
SF,Tribute,1.5 Day Limited Load,,2026-11-13,7:00 PM,2026-11-15,6:00 AM,30,,30,$555,page12
SF,San Diego,Full Day (Passport Required),,2026-11-14,5:30 AM,2026-11-14,5:00 PM,36,,34,$250,page12
SF,San Diego,Full Day (Passport Required),,2026-11-15,5:30 AM,2026-11-15,5:00 PM,36,,36,$250,page12
SF,Tribute,1.5 Day Limited Load,,2026-11-15,7:00 PM,2026-11-17,6:00 AM,30,,30,$555,page12
SF,San Diego,Full Day (Passport Required),,2026-11-16,5:30 AM,2026-11-16,5:00 PM,36,,36,$250,page12
SF,San Diego,Full Day (Passport Required),,2026-11-17,5:30 AM,2026-11-17,5:00 PM,36,,36,$250,page12
SF,San Diego,Full Day (Passport Required),,2026-11-18,5:30 AM,2026-11-18,5:00 PM,36,,36,$250,page12
SF,Tribute,1.5 Day Limited Load,,2026-11-18,7:00 PM,2026-11-20,6:00 AM,30,,30,$555,page12
SF,San Diego,Full Day (Passport Required),,2026-11-19,5:30 AM,2026-11-19,5:00 PM,36,,36,$250,page12
SF,San Diego,Full Day (Passport Required),,2026-11-20,5:30 AM,2026-11-20,5:00 PM,36,,36,$250,page12
SF,Tribute,1.5 Day Limited Load,,2026-11-20,7:00 PM,2026-11-22,6:00 AM,30,,30,$555,page12
SF,San Diego,Full Day (Passport Required),,2026-11-21,5:30 AM,2026-11-21,5:00 PM,36,,36,$250,page12
SF,Polaris Supreme,3 Day,,2026-11-21,10:00 AM,2026-11-24,5:00 AM,24,,Full,"$1,650",page12
SF,San Diego,Full Day (Passport Required),,2026-11-22,5:30 AM,2026-11-22,5:00 PM,36,,36,$250,page12
SF,Tribute,1.5 Day Limited Load,,2026-11-22,7:00 PM,2026-11-24,6:00 AM,30,,30,$555,page12
SF,San Diego,Full Day (Passport Required),,2026-11-23,5:30 AM,2026-11-23,5:00 PM,36,,36,$250,page12
SF,San Diego,Full Day (Passport Required),,2026-11-24,5:30 AM,2026-11-24,5:00 PM,36,,36,$250,page12
SF,San Diego,Full Day (Passport Required),,2026-11-25,5:30 AM,2026-11-25,5:00 PM,36,,36,$250,page12
SF,San Diego,Full Day (Passport Required),,2026-11-27,5:30 AM,2026-11-27,5:00 PM,36,,36,$250,page13
SF,Polaris Supreme,10 Day,,2026-11-27,10:00 AM,2026-12-07,5:00 AM,20,,Full,"$5,395",page13
SF,Tribute,1.5 Day Limited Load,,2026-11-27,7:00 PM,2026-11-29,6:00 AM,30,,30,$555,page13
SF,San Diego,Full Day (Passport Required),,2026-11-28,5:30 AM,2026-11-28,5:00 PM,36,,36,$250,page13
SF,San Diego,Full Day (Passport Required),,2026-11-29,5:30 AM,2026-11-29,5:00 PM,36,,36,$250,page13
SF,Tribute,1.5 Day Limited Load,,2026-11-29,7:00 PM,2026-12-01,6:00 AM,30,,30,$555,page13
SF,San Diego,Full Day (Passport Required),,2026-11-30,5:30 AM,2026-11-30,5:00 PM,36,,36,$250,page13
SF,Pacific Voyager,4 Day,,2026-12-02,10:00 AM,2026-12-06,6:00 AM,14,,14,"$1,900",page13
SF,Tribute,1.5 Day Limited Load,,2026-12-04,7:00 PM,2026-12-06,6:00 AM,30,,30,$555,page13
SF,Pacific Voyager,5 Day Freelance (Passport Required),,2026-12-08,10:00 AM,2026-12-13,6:00 AM,12,,10,"$2,500",page13
SF,Polaris Supreme,5 Day,,2026-12-13,10:00 AM,2026-12-18,5:00 AM,24,,11,"$2,150",page13
SF,Polaris Supreme,5 Day,,2026-12-18,10:00 AM,2026-12-23,5:00 AM,24,,20,"$2,150",page13
SF,Pacific Voyager,5 Day Freelance (Passport Required),,2026-12-26,9:00 AM,2026-12-31,6:00 AM,12,,8,"$2,500",page13
SF,Polaris Supreme,5 Day,,2026-12-26,10:00 AM,2026-12-31,5:00 AM,24,,6,"$2,150",page13
SF,New Seaforth,Pending,,2027-01-01,1:00 AM,2027-01-01,1:15 AM,100,,89,$0,page13
SF,Polaris Supreme,5 Day,,2027-01-05,6:00 AM,2027-01-10,5:00 AM,24,,23,"$2,150",page13
SF,Polaris Supreme,3 Day,,2027-03-04,10:00 AM,2027-03-07,5:00 AM,24,,23,"$1,250",page13
SF,Polaris Supreme,3 Day,,2027-03-11,10:00 AM,2027-03-14,5:00 AM,24,,19,"$1,250",page13
SF,Polaris Supreme,3 Day,,2027-03-16,10:00 AM,2027-03-19,5:00 AM,24,,22,"$1,300",page13
SF,Polaris Supreme,3 Day,,2027-03-19,10:00 AM,2027-03-22,5:00 AM,24,,24,"$1,300",page13
SF,Polaris Supreme,3 Day,,2027-03-23,10:00 AM,2027-03-26,5:00 AM,24,,23,"$1,300",page13
SF,Polaris Supreme,3 Day,,2027-03-30,10:00 AM,2027-04-02,5:00 AM,24,,24,"$1,300",page13
SF,Polaris Supreme,3 Day,,2027-04-02,10:00 AM,2027-04-05,5:00 AM,24,,23,"$1,300",page13
SF,Polaris Supreme,3 Day,,2027-04-06,10:00 AM,2027-04-09,5:00 AM,24,,18,"$1,300",page13
SF,Polaris Supreme,3 Day,,2027-04-09,10:00 AM,2027-04-12,5:00 AM,24,,16,"$1,350",page13
SF,Polaris Supreme,2 Day,,2027-04-12,10:00 AM,2027-04-14,5:00 AM,24,,20,$975,page14
SF,Polaris Supreme,3 Day,,2027-04-14,10:00 AM,2027-04-17,5:00 AM,24,,18,"$1,350",page14
SF,Polaris Supreme,3 Day,,2027-04-17,10:00 AM,2027-04-20,5:00 AM,24,,20,"$1,500",page14
SF,Polaris Supreme,2 Day,,2027-04-20,10:00 AM,2027-04-22,5:00 AM,24,,24,"$1,000",page14
SF,Polaris Supreme,3 Day,,2027-04-22,10:00 AM,2027-04-25,5:00 AM,24,,1,"$1,500",page14
SF,Polaris Supreme,2 Day,,2027-04-25,10:00 AM,2027-04-27,5:00 AM,24,,22,"$1,000",page14
SF,Polaris Supreme,3 Day,,2027-04-27,10:00 AM,2027-04-30,5:00 AM,24,,Full,"$1,550",page14
SF,Polaris Supreme,2 Day,,2027-04-30,10:00 AM,2027-05-02,5:00 AM,24,,Full,"$1,050",page14
SF,Polaris Supreme,3 Day,,2027-05-02,10:00 AM,2027-05-05,5:00 AM,24,,Full,"$1,695",page14
SF,Polaris Supreme,2 Day,,2027-05-11,10:00 AM,2027-05-13,5:00 AM,24,,3,"$1,100",page14
SF,Polaris Supreme,2 Day,,2027-05-16,10:00 AM,2027-05-18,5:00 AM,24,,18,"$1,100",page14
SF,Polaris Supreme,3 Day,,2027-05-18,10:00 AM,2027-05-21,5:00 AM,24,,Full,"$1,650",page14
SF,Polaris Supreme,3 Day,,2027-05-27,10:00 AM,2027-05-30,5:00 AM,18,,Full,"$2,290",page14
SF,Polaris Supreme,3 Day,,2027-06-01,10:00 AM,2027-06-04,5:00 AM,24,,Full,"$1,700",page14
SF,Polaris Supreme,3 Day,,2027-06-04,10:00 AM,2027-06-07,5:00 AM,20,,Full,"$2,040",page14
SF,Polaris Supreme,2 Day,,2027-06-07,10:00 AM,2027-06-09,5:00 AM,24,,Full,"$1,150",page14
SF,Polaris Supreme,3 Day,,2027-06-15,10:00 AM,2027-06-18,5:00 AM,24,,Full,"$1,750",page14
SF,Polaris Supreme,3 Day,,2027-06-18,10:00 AM,2027-06-21,5:00 AM,24,,11,"$1,800",page14
SF,Polaris Supreme,2 Day,,2027-06-21,10:00 AM,2027-06-23,5:00 AM,24,,Full,"$1,150",page14
SF,Polaris Supreme,4 Day,,2027-06-26,10:00 AM,2027-06-30,5:00 AM,24,,Full,"$2,360",page14
SF,Polaris Supreme,4 Day,,2027-06-30,10:00 AM,2027-07-04,5:00 AM,18,,Full,"$3,350",page14
SF,Polaris Supreme,2 Day,,2027-07-04,10:00 AM,2027-07-06,5:00 AM,24,,Full,"$1,240",page14
SF,Polaris Supreme,2 Day,,2027-07-06,10:00 AM,2027-07-08,5:00 AM,24,,Full,"$1,240",page14
SF,Polaris Supreme,3 Day,,2027-07-11,10:00 AM,2027-07-14,5:00 AM,18,,Full,"$2,450",page14
SF,Polaris Supreme,4 Day,,2027-07-14,10:00 AM,2027-07-18,5:00 AM,24,,Full,"$2,500",page14
SF,Polaris Supreme,4 Day,,2027-07-18,10:00 AM,2027-07-22,5:00 AM,24,,Full,"$2,500",page15
SF,Polaris Supreme,3 Day,,2027-07-22,10:00 AM,2027-07-25,5:00 AM,24,,Full,"$1,840",page15
SF,Polaris Supreme,3 Day,,2027-07-25,10:00 AM,2027-07-28,5:00 AM,24,,Full,"$1,840",page15
SF,Polaris Supreme,3 Day,,2027-07-28,10:00 AM,2027-07-31,5:00 AM,24,,Full,"$1,920",page15
SF,Polaris Supreme,2 Day,,2027-08-03,10:00 AM,2027-08-05,5:00 AM,24,,19,"$1,240",page15
SF,Polaris Supreme,3 Day,,2027-08-05,10:00 AM,2027-08-08,5:00 AM,18,,Full,"$2,450",page15
SF,Polaris Supreme,3 Day,,2027-08-14,10:00 AM,2027-08-17,5:00 AM,24,,Full,"$1,840",page15
SF,Polaris Supreme,3 Day,,2027-08-21,10:00 AM,2027-08-24,5:00 AM,20,,Full,"$2,208",page15
SF,Polaris Supreme,3 Day,,2027-08-24,10:00 AM,2027-08-27,5:00 AM,24,,20,"$1,840",page15
SF,Polaris Supreme,8 Day,,2027-08-27,10:00 AM,2027-09-04,5:00 AM,24,,Full,"$104,000",page15
SF,Polaris Supreme,4 Day,,2027-09-12,10:00 AM,2027-09-16,5:00 AM,24,,Full,"$2,545",page15
SF,Polaris Supreme,4 Day,,2027-09-25,10:00 AM,2027-09-29,5:00 AM,24,,Full,"$2,375",page15
SF,Polaris Supreme,8 Day,,2027-10-04,10:00 AM,2027-10-12,5:00 AM,24,,Full,"$4,325",page15
SF,Polaris Supreme,8 Day,,2027-10-12,10:00 AM,2027-10-20,5:00 AM,22,,Full,"$4,740",page15
SF,Polaris Supreme,3 Day,,2027-10-28,10:00 AM,2027-10-31,5:00 AM,24,,21,"$1,790",page15
SF,Polaris Supreme,3 Day,,2027-10-31,10:00 AM,2027-11-03,5:00 AM,24,,Full,"$1,790",page15
SF,Polaris Supreme,8 Day,,2027-11-03,10:00 AM,2027-11-11,5:00 AM,24,,Full,"$4,355",page15
SF,Polaris Supreme,8 Day,,2027-11-11,10:00 AM,2027-11-19,5:00 AM,23,,Full,"$4,450",page15
SF,Polaris Supreme,4 Day,,2027-11-19,10:00 AM,2027-11-23,5:00 AM,24,,20,"$2,175",page15
SF,Polaris Supreme,10 Day,,2027-11-28,10:00 AM,,,,,,,page15
SF,Polaris Supreme,5 Day,,2027-12-12,10:00 AM,2027-12-17,5:00 AM,24,,24,"$2,125",page15
SF,Polaris Supreme,5 Day,,2027-12-17,10:00 AM,2027-12-22,5:00 AM,24,,24,"$2,125",page15
SF,Polaris Supreme,5 Day,,2027-12-26,10:00 AM,2027-12-31,5:00 AM,24,,24,"$2,125",page15
SF,New Seaforth,Refund,,2028-01-01,1:00 AM,2028-01-01,1:15 AM,800,,774,$0,page15
SF,Polaris Supreme,5 Day,,2028-01-01,10:00 AM,2028-01-06,5:00 AM,24,,24,"$2,125",page15
SF,Polaris Supreme,5 Day,,2028-01-07,10:00 AM,2028-01-12,5:00 AM,24,,24,"$2,125",page16
PL,New Lo-An,3 Day Charter,,2026-09-04,10:00 AM,2026-09-07,6:00 AM,,,,,page1
PL,Intrepid,8 Day,,2026-09-04,11:00 AM,2026-09-12,7:00 AM,23,,4,"$5,610",page1
PL,Daily Double,PM Half Day,,2026-09-04,3:00 PM,2026-09-04,8:30 PM,40,,25,$77.63,page1
PL,Mission Belle,Full Day (Passport Required),,2026-09-05,5:30 AM,2026-09-05,5:30 PM,30,,Full,$258.75,page1
PL,Point Loma,Full Day (Passport Required),,2026-09-05,5:30 AM,2026-09-05,5:00 PM,20,,Full,$258.75,page1
PL,American Angler,3 Day,,2026-09-05,7:00 AM,2026-09-08,6:00 AM,26,,Full,"$1,802.50",page1
PL,Daily Double,AM Half Day Charter,,2026-09-05,8:30 AM,2026-09-05,2:30 PM,,,,,page1
PL,Daily Double,PM Half Day Charter,,2026-09-05,3:00 PM,2026-09-05,8:30 PM,,,,,page1
PL,Point Loma,Full Day Charter,,2026-09-06,5:30 AM,2026-09-06,5:30 PM,,,,,page1
PL,Mission Belle,Full Day (Passport Required),,2026-09-06,5:30 AM,2026-09-06,5:30 PM,30,,Full,$258.75,page1
PL,Daily Double,AM Half Day,,2026-09-06,8:30 AM,2026-09-06,2:30 PM,40,,33,$82.80,page1
PL,Success,2.5 Day Charter,,2026-09-06,9:00 AM,2026-09-09,6:00 AM,,,,,page1
PL,Independence,7 Day,,2026-09-06,10:00 AM,2026-09-13,6:00 AM,31,,Full,"$3,746.70",page1
PL,Daily Double,PM Half Day,,2026-09-06,3:00 PM,2026-09-06,8:30 PM,40,,39,$82.80,page1
PL,Mission Belle,Full Day Charter,,2026-09-07,5:30 AM,2026-09-07,5:30 PM,,,,,page1
PL,Point Loma,Full Day (Passport Required),,2026-09-07,5:30 AM,2026-09-07,5:00 PM,20,,3,$258.75,page1
PL,Daily Double,AM Half Day,,2026-09-07,8:30 AM,2026-09-07,2:30 PM,40,,37,$77.63,page1
PL,New Lo-An,2 Day Charter,,2026-09-07,10:00 AM,2026-09-09,6:00 AM,,,,,page1
PL,Vagabond,6 Day,,2026-09-07,10:00 AM,2026-09-13,6:00 AM,24,,1,"$2,898.00",page1
PL,Daily Double,PM Half Day,,2026-09-07,3:00 PM,2026-09-07,8:30 PM,40,,40,$77.63,page1
PL,Game Changer,3.5 Day Charter,,2026-09-07,5:30 PM,2026-09-11,6:00 AM,,,,,page2
PL,Sauerfish,1.5 Day Charter,,2026-09-07,9:00 PM,2026-09-09,5:00 AM,,,,,page2
PL,Point Loma,Full Day Charter,,2026-09-08,5:30 AM,2026-09-08,5:30 PM,,,,,page2
PL,Mission Belle,Full Day (Passport Required),,2026-09-08,5:30 AM,2026-09-08,5:30 PM,30,,15,$258.75,page2
PL,American Angler,3 Day,,2026-09-08,7:00 AM,2026-09-11,6:00 AM,24,,Full,"$1,802.50",page2
PL,Daily Double,AM Half Day,,2026-09-08,8:30 AM,2026-09-08,2:30 PM,40,,38,$77.63,page2
PL,Daily Double,PM Half Day,,2026-09-08,3:00 PM,2026-09-08,8:30 PM,40,,40,$77.63,page2
PL,Mission Belle,Full Day (Passport Required),,2026-09-09,5:30 AM,2026-09-09,5:30 PM,30,,25,$258.75,page2
PL,Daily Double,AM Half Day,,2026-09-09,8:30 AM,2026-09-09,2:30 PM,40,,33,$77.63,page2
PL,New Lo-An,3 Day Charter,,2026-09-09,10:00 AM,2026-09-12,6:00 AM,,,,,page2
PL,Success,3.5 Day Charter,,2026-09-09,11:00 AM,2026-09-13,6:00 AM,,,,,page2
PL,Daily Double,PM Half Day,,2026-09-09,3:00 PM,2026-09-09,8:30 PM,40,,40,$77.63,page2
PL,Sauerfish,2.5 Day Charter,,2026-09-09,9:00 PM,2026-09-12,5:00 AM,,,,,page2
PL,Mission Belle,Full Day (Passport Required),,2026-09-10,5:30 AM,2026-09-10,5:30 PM,30,,17,$258.75,page2
PL,Daily Double,AM Half Day Charter,,2026-09-10,8:30 AM,2026-09-10,2:30 PM,,,,,page2
PL,Daily Double,PM Half Day,,2026-09-10,3:00 PM,2026-09-10,8:30 PM,40,,40,$77.63,page2
PL,Point Loma,Full Day (Passport Required),,2026-09-11,5:30 AM,2026-09-11,5:30 PM,20,,Full,$258.75,page2
PL,Mission Belle,Full Day Charter,,2026-09-11,5:30 AM,2026-09-11,5:00 PM,,,,,page2
PL,Daily Double,3/4 Day Local Charter,,2026-09-11,6:00 AM,2026-09-11,4:00 PM,,,,,page2
PL,American Angler,7 Day,,2026-09-11,7:00 AM,2026-09-18,6:00 AM,24,,1,"$3,656.50",page2
PL,Wildcard 95,Overnight,,2026-09-11,8:00 PM,2026-09-12,7:00 PM,40,,8,$315.67,page3
PL,Point Loma,Full Day Charter,,2026-09-12,5:30 AM,2026-09-12,5:00 PM,,,,,page3
PL,Mission Belle,Full Day (Passport Required),,2026-09-12,5:30 AM,2026-09-12,5:30 PM,30,,Full,$258.75,page3
PL,Daily Double,AM Half Day,,2026-09-12,8:30 AM,2026-09-12,2:30 PM,40,,33,$82.80,page3
PL,New Lo-An,2 Day Charter,,2026-09-12,10:00 AM,2026-09-14,6:00 AM,,,,,page3
PL,Intrepid,8 Day,,2026-09-12,11:00 AM,2026-09-20,7:00 AM,26,,Full,"$4,950",page3
PL,Daily Double,PM Half Day Charter,,2026-09-12,3:00 PM,2026-09-12,8:30 PM,,,,,page3
PL,Wildcard 95,Overnight,,2026-09-12,8:00 PM,2026-09-13,7:00 PM,40,,37,$315.67,page3
PL,Sauerfish,2.5 Day Charter,,2026-09-12,9:00 PM,2026-09-15,5:00 AM,,,,,page3
PL,Point Loma,Full Day Coronado Islands Charter,,2026-09-13,5:30 AM,2026-09-13,5:30 PM,,,,,page3
PL,Mission Belle,Full Day Charter,,2026-09-13,5:30 AM,2026-09-13,5:30 PM,,,,,page3
PL,Daily Double,AM Half Day Charter,,2026-09-13,8:30 AM,2026-09-13,2:30 PM,,,,,page3
PL,Vagabond,3 Day,,2026-09-13,10:00 AM,2026-09-16,6:00 AM,23,,Full,"$1,495.57",page3
PL,Independence,7 Day,,2026-09-13,10:00 AM,2026-09-20,6:00 AM,31,,Full,"$3,746.70",page3
PL,Daily Double,PM Half Day,,2026-09-13,3:00 PM,2026-09-13,8:30 PM,40,,40,$82.80,page3
PL,Game Changer,1.5 Day Charter,,2026-09-13,5:30 PM,2026-09-15,6:00 AM,,,,,page3
PL,Wildcard 95,Overnight,,2026-09-13,8:00 PM,2026-09-14,7:00 PM,40,,40,$315.67,page3
PL,Mission Belle,Full Day (Passport Required),,2026-09-14,5:30 AM,2026-09-14,5:30 PM,30,,30,$258.75,page3
PL,Daily Double,AM Half Day,,2026-09-14,8:30 AM,2026-09-14,2:30 PM,40,,40,$77.63,page3
PL,New Lo-An,2 Day Charter,,2026-09-14,10:00 AM,2026-09-16,6:00 AM,,,,,page3
PL,Daily Double,PM Half Day,,2026-09-14,3:00 PM,2026-09-14,8:30 PM,40,,40,$77.63,page4
PL,Wildcard 95,Overnight,,2026-09-14,8:00 PM,2026-09-15,7:00 PM,40,,40,$315.67,page4
PL,Mission Belle,Full Day (Passport Required),,2026-09-15,5:30 AM,2026-09-15,5:30 PM,30,,24,$258.75,page4
PL,Daily Double,AM Half Day,,2026-09-15,8:30 AM,2026-09-15,2:30 PM,40,,40,$77.63,page4
PL,Daily Double,PM Half Day,,2026-09-15,3:00 PM,2026-09-15,8:30 PM,40,,40,$77.63,page4
PL,Game Changer,3.5 Day Charter,,2026-09-15,5:30 PM,2026-09-19,6:00 AM,,,,,page4
PL,Wildcard 95,Overnight,,2026-09-15,8:00 PM,2026-09-16,7:00 PM,40,,40,$315.67,page4
PL,Mission Belle,Full Day (Passport Required),,2026-09-16,5:30 AM,2026-09-16,5:30 PM,30,,28,$258.75,page4
PL,Daily Double,AM Half Day,,2026-09-16,8:30 AM,2026-09-16,2:30 PM,40,,40,$77.63,page4
PL,New Lo-An,2 Day,,2026-09-16,10:00 AM,2026-09-18,6:00 AM,25,,Full,$890.10,page4
PL,Vagabond,4 Day,,2026-09-16,10:00 AM,2026-09-20,6:00 AM,1,,Full,$0,page4
PL,Daily Double,PM Half Day,,2026-09-16,3:00 PM,2026-09-16,8:30 PM,40,,40,$77.63,page4
PL,Wildcard 95,Overnight,,2026-09-16,8:00 PM,2026-09-17,7:00 PM,40,,40,$315.67,page4
PL,Mission Belle,Full Day (Passport Required),,2026-09-17,5:30 AM,2026-09-17,5:30 PM,30,,29,$258.75,page4
PL,Daily Double,AM Half Day,,2026-09-17,8:30 AM,2026-09-17,2:30 PM,40,,40,$77.63,page4
PL,Daily Double,PM Half Day,,2026-09-17,3:00 PM,2026-09-17,8:30 PM,40,,40,$77.63,page4
PL,Wildcard 95,Overnight,,2026-09-17,8:00 PM,2026-09-18,7:00 PM,40,,40,$315.67,page4
PL,Sauerfish,2.5 Day Charter,,2026-09-17,9:00 PM,2026-09-20,5:00 AM,,,,,page4
PL,Point Loma,Full Day (Passport Required),,2026-09-18,5:30 AM,2026-09-18,5:30 PM,20,,18,$258.75,page4
PL,Mission Belle,Full Day Coronado Islands Charter,,2026-09-18,5:30 AM,2026-09-18,5:30 PM,,,,,page4
PL,American Angler,2 Day,,2026-09-18,7:00 AM,2026-09-20,6:00 AM,24,,Full,"$1,225.70",page5
PL,Daily Double,AM Half Day Charter,,2026-09-18,8:30 AM,2026-09-18,2:30 PM,,,,,page5
PL,Success,3.5 Day Charter,,2026-09-18,9:00 AM,2026-09-22,6:00 AM,,,,,page5
PL,New Lo-An,3 Day Charter,,2026-09-18,10:00 AM,2026-09-21,6:00 AM,,,,,page5
PL,Daily Double,PM Half Day,,2026-09-18,3:00 PM,2026-09-18,8:30 PM,40,,40,$77.63,page5
PL,Wildcard 95,Overnight,,2026-09-18,8:00 PM,2026-09-19,7:00 PM,40,,40,$315.67,page5
PL,Mission Belle,Full Day (Passport Required),,2026-09-19,5:30 AM,2026-09-19,5:30 PM,30,,1,$258.75,page5
PL,Point Loma,Full Day Charter,,2026-09-19,5:30 AM,2026-09-19,5:30 PM,,,,,page5
PL,Daily Double,AM Half Day Charter,,2026-09-19,8:30 AM,2026-09-19,2:30 PM,,,,,page5
PL,Daily Double,PM Half Day,,2026-09-19,3:00 PM,2026-09-19,8:30 PM,40,,35,$82.80,page5
PL,Game Changer,2.5 Day Charter,,2026-09-19,5:30 PM,2026-09-22,6:00 AM,,,,,page5
PL,Mission Belle,Full Day (Passport Required),,2026-09-20,5:30 AM,2026-09-20,5:30 PM,30,,25,$258.75,page5
PL,American Angler,8 Day,,2026-09-20,7:00 AM,2026-09-28,6:00 AM,24,,Full,"$4,001.55",page5
PL,Daily Double,AM Half Day Charter,,2026-09-20,8:30 AM,2026-09-20,2:30 PM,,,,,page5
PL,Vagabond,3 Day,,2026-09-20,10:00 AM,2026-09-23,6:00 AM,23,,Full,"$1,495.57",page5
PL,Independence,7 Day,,2026-09-20,10:00 AM,2026-09-27,6:00 AM,31,,Full,"$3,746.70",page5
PL,Intrepid,8 Day,,2026-09-20,11:00 AM,2026-09-28,7:00 AM,23,,Full,"$5,610",page5
PL,Daily Double,PM Half Day Charter,,2026-09-20,3:00 PM,2026-09-20,8:30 PM,,,,,page5
PL,Sauerfish,2.5 Day Charter,,2026-09-20,9:00 PM,2026-09-23,5:00 AM,,,,,page5
PL,Point Loma,Full Day (Passport Required),,2026-09-21,5:30 AM,2026-09-21,5:30 PM,20,,19,$258.75,page5
PL,Mission Belle,Full Day Charter,,2026-09-21,5:30 AM,2026-09-21,5:30 PM,,,,,page6
PL,Daily Double,AM Half Day,,2026-09-21,8:30 AM,2026-09-21,2:30 PM,40,,40,$77.63,page6
PL,New Lo-An,3 Day Charter,,2026-09-21,10:00 AM,2026-09-24,6:00 AM,,,,,page6
PL,Daily Double,PM Half Day,,2026-09-21,3:00 PM,2026-09-21,8:30 PM,40,,40,$77.63,page6
PL,Mission Belle,Full Day (Passport Required),,2026-09-22,5:30 AM,2026-09-22,5:30 PM,30,,29,$258.75,page6
PL,Daily Double,AM Half Day,,2026-09-22,8:30 AM,2026-09-22,2:30 PM,40,,40,$77.63,page6
PL,Daily Double,PM Half Day,,2026-09-22,3:00 PM,2026-09-22,8:30 PM,40,,40,$77.63,page6
PL,Game Changer,2.5 Day Charter,,2026-09-22,5:30 PM,2026-09-25,6:00 AM,,,,,page6
PL,Mission Belle,Full Day (Passport Required),,2026-09-23,5:30 AM,2026-09-23,5:30 PM,30,,30,$258.75,page6
PL,Daily Double,AM Half Day Charter,,2026-09-23,8:30 AM,2026-09-23,2:30 PM,,,,,page6
PL,Daily Double,PM Half Day,,2026-09-23,3:00 PM,2026-09-23,8:30 PM,40,,38,$77.63,page6
PL,Mission Belle,Full Day Charter,,2026-09-24,5:30 AM,2026-09-24,5:30 PM,,,,,page6
PL,Point Loma,3/4 Day Local Charter,,2026-09-24,6:00 AM,2026-09-24,4:00 PM,,,,,page6
PL,Daily Double,AM Half Day,,2026-09-24,8:30 AM,2026-09-24,2:30 PM,40,,40,$77.63,page6
PL,New Lo-An,3 Day Charter,,2026-09-24,10:00 AM,2026-09-27,6:00 AM,,,,,page6
PL,Vagabond,3 Day,,2026-09-24,10:00 AM,2026-09-27,6:00 AM,24,,Full,"$1,495.57",page6
PL,Daily Double,PM Half Day,,2026-09-24,3:00 PM,2026-09-24,8:30 PM,40,,40,$77.63,page6
PL,Sauerfish,2 Day Charter,,2026-09-24,9:00 PM,2026-09-26,6:00 PM,,,,,page6
PL,Mission Belle,Full Day Charter,,2026-09-25,5:30 AM,2026-09-25,5:30 PM,,,,,page6
PL,Daily Double,AM Half Day Charter,,2026-09-25,8:30 AM,2026-09-25,2:30 PM,,,,,page6
PL,Daily Double,PM Half Day,,2026-09-25,3:00 PM,2026-09-25,8:30 PM,40,,40,$77.63,page7
PL,Game Changer,3.5 Day Charter,,2026-09-25,5:30 PM,2026-09-29,6:00 AM,,,,,page7
PL,Point Loma,Full Day (Passport Required),,2026-09-26,5:30 AM,2026-09-26,5:30 PM,20,,5,$258.75,page7
PL,Mission Belle,Full Day Charter,,2026-09-26,5:30 AM,2026-09-26,5:30 PM,,,,,page7
PL,Daily Double,AM Half Day Charter,,2026-09-26,8:30 AM,2026-09-26,2:30 PM,,,,,page7
PL,Daily Double,PM Half Day,,2026-09-26,3:00 PM,2026-09-26,8:30 PM,40,,31,$82.80,page7
PL,Point Loma,Full Day Charter,,2026-09-27,5:30 AM,2026-09-27,5:30 PM,,,,,page7
PL,Mission Belle,Full Day (Passport Required),,2026-09-27,5:30 AM,2026-09-27,5:30 PM,30,,28,$258.75,page7
PL,Daily Double,AM Half Day,,2026-09-27,8:30 AM,2026-09-27,2:30 PM,40,,25,$82.80,page7
PL,New Lo-An,3 Day Charter,,2026-09-27,10:00 AM,2026-09-30,6:00 AM,,,,,page7
PL,Vagabond,7 Day,,2026-09-27,10:00 AM,2026-10-04,6:00 AM,21,,Full,"$3,674.25",page7
PL,Independence,10 Day,,2026-09-27,10:00 AM,2026-10-07,6:00 AM,29,,Full,"$5,169.83",page7
PL,Daily Double,PM Half Day,,2026-09-27,3:00 PM,2026-09-27,8:30 PM,40,,40,$82.80,page7
PL,Mission Belle,Full Day (Passport Required),,2026-09-28,5:30 AM,2026-09-28,5:30 PM,30,,30,$258.75,page7
PL,American Angler,2 Day,,2026-09-28,7:00 AM,2026-09-30,6:00 AM,26,,Full,"$1,133.00",page7
PL,Daily Double,AM Half Day,,2026-09-28,8:30 AM,2026-09-28,2:30 PM,40,,40,$77.63,page7
PL,Intrepid,4 Day,,2026-09-28,11:00 AM,2026-10-02,7:00 AM,19,,Full,"$2,800",page7
PL,Daily Double,PM Half Day,,2026-09-28,3:00 PM,2026-09-28,8:30 PM,40,,40,$77.63,page7
PL,Sauerfish,2.5 Day Charter,,2026-09-28,9:00 PM,2026-10-01,5:00 AM,,,,,page7
PL,Mission Belle,Full Day (Passport Required),,2026-09-29,5:30 AM,2026-09-29,5:30 PM,30,,30,$258.75,page7
PL,Daily Double,AM Half Day,,2026-09-29,8:30 AM,2026-09-29,2:30 PM,40,,40,$77.63,page8
PL,Daily Double,PM Half Day,,2026-09-29,3:00 PM,2026-09-29,8:30 PM,40,,40,$77.63,page8
PL,Game Changer,2.5 Day Charter,,2026-09-29,5:30 PM,2026-10-02,6:00 AM,,,,,page8
PL,Point Loma,Full Day Charter,,2026-09-30,5:30 AM,2026-09-30,5:00 PM,,,,,page8
PL,Mission Belle,Full Day (Passport Required),,2026-09-30,5:30 AM,2026-09-30,5:30 PM,30,,30,$258.75,page8
PL,American Angler,2 Day,,2026-09-30,7:00 AM,2026-10-02,6:00 AM,26,,Full,"$1,133.00",page8
PL,Daily Double,AM Half Day Charter,,2026-09-30,8:30 AM,2026-09-30,2:30 PM,,,,,page8
PL,New Lo-An,2 Day Charter,,2026-09-30,10:00 AM,2026-10-02,6:00 AM,,,,,page8
PL,Daily Double,PM Half Day,,2026-09-30,3:00 PM,2026-09-30,8:30 PM,40,,40,$77.63,page8
PL,Mission Belle,Full Day (Passport Required),,2026-10-01,5:30 AM,2026-10-01,5:30 PM,30,,30,$258.75,page8
PL,Daily Double,AM Half Day,,2026-10-01,8:30 AM,2026-10-01,2:30 PM,40,,40,$77.63,page8
PL,Sauerfish,2 Day Charter,,2026-10-01,9:00 PM,2026-10-03,6:00 PM,,,,,page8
PL,Mission Belle,Full Day (Passport Required),,2026-10-02,5:30 AM,2026-10-02,5:30 PM,30,,30,$258.75,page8
PL,American Angler,8 Day,,2026-10-02,7:00 AM,2026-10-10,6:00 AM,24,,1,"$4,001.55",page8
PL,Daily Double,AM Half Day,,2026-10-02,8:30 AM,2026-10-02,2:30 PM,40,,38,$77.63,page8
PL,New Lo-An,3 Day Charter,,2026-10-02,10:00 AM,2026-10-05,6:00 AM,,,,,page8
PL,Intrepid,10 Day,,2026-10-02,11:00 AM,2026-10-12,7:00 AM,22,,Full,"$6,225",page8
PL,Game Changer,2.5 Day Charter,,2026-10-02,5:30 PM,2026-10-05,6:00 AM,,,,,page8
PL,Point Loma,Full Day Charter,,2026-10-03,5:30 AM,2026-10-03,5:30 PM,,,,,page8
PL,Mission Belle,Full Day (Passport Required),,2026-10-03,5:30 AM,2026-10-03,5:30 PM,30,,30,$258.75,page8
PL,Daily Double,AM Half Day Charter,,2026-10-03,8:30 AM,2026-10-03,2:30 PM,,,,,page9
PL,Mission Belle,Full Day (Passport Required),,2026-10-04,5:30 AM,2026-10-04,5:30 PM,30,,30,$258.75,page9
PL,Daily Double,AM Half Day,,2026-10-04,8:30 AM,2026-10-04,2:30 PM,40,,Full,$82.80,page9
PL,Vagabond,10 Day,,2026-10-04,10:00 AM,2026-10-14,6:00 AM,18,,Full,"$5,997.83",page9
PL,Mission Belle,Full Day (Passport Required),,2026-10-05,5:30 AM,2026-10-05,5:30 PM,30,,30,$258.75,page9
PL,Daily Double,AM Half Day,,2026-10-05,8:30 AM,2026-10-05,2:30 PM,40,,40,$77.63,page9
PL,New Lo-An,3 Day Charter,,2026-10-05,10:00 AM,2026-10-08,6:00 AM,,,,,page9
PL,Game Changer,1.5 Day Charter,,2026-10-05,5:30 PM,2026-10-07,6:00 AM,,,,,page9
PL,Mission Belle,Full Day (Passport Required),,2026-10-06,5:30 AM,2026-10-06,5:30 PM,30,,30,$258.75,page9
PL,Daily Double,AM Half Day,,2026-10-06,8:30 AM,2026-10-06,2:30 PM,40,,40,$77.63,page9
PL,Mission Belle,Full Day (Passport Required),,2026-10-07,5:30 AM,2026-10-07,5:30 PM,30,,30,$258.75,page9
PL,Daily Double,AM Half Day,,2026-10-07,8:30 AM,2026-10-07,2:30 PM,40,,40,$77.63,page9
PL,Independence,10 Day,,2026-10-07,10:00 AM,2026-10-17,6:00 AM,31,,Full,"$5,169.83",page9
PL,Mission Belle,Full Day (Passport Required),,2026-10-08,5:30 AM,2026-10-08,5:30 PM,30,,30,$258.75,page9
PL,Daily Double,AM Half Day,,2026-10-08,8:30 AM,2026-10-08,2:30 PM,40,,40,$77.63,page9
PL,Success,1.5 Day Charter,,2026-10-08,9:00 AM,2026-10-10,6:00 AM,,,,,page9
PL,New Lo-An,3 Day Charter,,2026-10-08,10:00 AM,2026-10-11,6:00 AM,,,,,page9
PL,Sauerfish,2 Day Charter,,2026-10-08,9:00 PM,2026-10-10,6:00 PM,,,,,page9
PL,Mission Belle,Full Day (Passport Required),,2026-10-09,5:30 AM,2026-10-09,5:30 PM,30,,30,$258.75,page9
PL,Daily Double,AM Half Day,,2026-10-09,8:30 AM,2026-10-09,2:30 PM,40,,40,$77.63,page9
PL,Game Changer,2.5 Day Charter,,2026-10-09,5:30 PM,2026-10-12,6:00 AM,,,,,page10
PL,Mission Belle,Full Day (Passport Required),,2026-10-10,5:30 AM,2026-10-10,5:30 PM,30,,30,$258.75,page10
PL,American Angler,8 Day,,2026-10-10,7:00 AM,2026-10-18,6:00 AM,24,,Full,"$4,001.55",page10
PL,Daily Double,AM Half Day Charter,,2026-10-10,8:30 AM,2026-10-10,2:30 PM,,,,,page10
PL,Sauerfish,1.5 Day Charter,,2026-10-10,9:00 PM,2026-10-12,5:00 AM,,,,,page10
PL,Mission Belle,Full Day (Passport Required),,2026-10-11,5:30 AM,2026-10-11,5:30 PM,30,,30,$258.75,page10
PL,Daily Double,AM Half Day,,2026-10-11,8:30 AM,2026-10-11,2:30 PM,40,,40,$82.80,page10
PL,New Lo-An,3 Day Charter,,2026-10-11,10:00 AM,2026-10-14,6:00 AM,,,,,page10
PL,Mission Belle,Full Day (Passport Required),,2026-10-12,5:30 AM,2026-10-12,5:30 PM,30,,30,$258.75,page10
PL,Daily Double,AM Half Day,,2026-10-12,8:30 AM,2026-10-12,2:30 PM,40,,40,$77.63,page10
PL,Intrepid,10 Day,,2026-10-12,11:00 AM,2026-10-22,7:00 AM,24,,Full,"$5,785",page10
PL,Game Changer,3.5 Day Charter,,2026-10-12,5:30 PM,2026-10-16,6:00 AM,,,,,page10
PL,Mission Belle,Full Day (Passport Required),,2026-10-13,5:30 AM,2026-10-13,5:30 PM,30,,30,$258.75,page10
PL,Daily Double,AM Half Day,,2026-10-13,8:30 AM,2026-10-13,2:30 PM,40,,40,$77.63,page10
PL,Mission Belle,Full Day (Passport Required),,2026-10-14,5:30 AM,2026-10-14,5:30 PM,30,,30,$258.75,page10
PL,Daily Double,AM Half Day,,2026-10-14,8:30 AM,2026-10-14,2:30 PM,40,,40,$77.63,page10
PL,Vagabond,3 Day,,2026-10-14,10:00 AM,2026-10-17,6:00 AM,23,,Full,"$1,495.57",page10
PL,New Lo-An,2 Day,,2026-10-14,10:00 AM,2026-10-16,6:00 AM,26,,Full,$890.10,page10
PL,Mission Belle,Full Day (Passport Required),,2026-10-15,5:30 AM,2026-10-15,5:30 PM,30,,30,$258.75,page10
PL,Daily Double,AM Half Day,,2026-10-15,8:30 AM,2026-10-15,2:30 PM,40,,38,$77.63,page10
PL,Mission Belle,Full Day (Passport Required),,2026-10-16,5:30 AM,2026-10-16,5:30 PM,30,,30,$258.75,page11
PL,Point Loma,Full Day Charter,,2026-10-16,5:30 AM,2026-10-16,5:30 PM,,,,,page11
PL,Daily Double,AM Half Day,,2026-10-16,8:30 AM,2026-10-16,2:30 PM,40,,40,$77.63,page11
PL,New Lo-An,3 Day Charter,,2026-10-16,10:00 AM,2026-10-19,6:00 AM,,,,,page11
PL,Game Changer,3.5 Day Charter,,2026-10-16,5:30 PM,2026-10-20,6:00 AM,,,,,page11
PL,Mission Belle,Full Day (Passport Required),,2026-10-17,5:30 AM,2026-10-17,5:30 PM,30,,30,$258.75,page11
PL,Daily Double,AM Half Day Charter,,2026-10-17,8:00 AM,2026-10-17,2:30 PM,,,,,page11
PL,Point Loma,AM Half Day,,2026-10-17,8:30 AM,2026-10-17,2:30 PM,29,,17,$82.80,page11
PL,Vagabond,8 Day,,2026-10-17,10:00 AM,2026-10-25,6:00 AM,21,,2,"$4,062.37",page11
PL,Independence,10 Day,,2026-10-17,10:00 AM,2026-10-27,6:00 AM,29,,Full,"$5,169.83",page11
PL,Mission Belle,Full Day (Passport Required),,2026-10-18,5:30 AM,2026-10-18,5:30 PM,30,,30,$258.75,page11
PL,American Angler,10 Day,,2026-10-18,7:00 AM,2026-10-28,6:00 AM,23,,Full,"$4,923.40",page11
PL,Daily Double,AM Half Day,,2026-10-18,8:30 AM,2026-10-18,2:30 PM,40,,40,$82.80,page11
PL,Mission Belle,Full Day (Passport Required),,2026-10-19,5:30 AM,2026-10-19,5:30 PM,30,,30,$258.75,page11
PL,Daily Double,AM Half Day Charter,,2026-10-19,8:30 AM,2026-10-19,2:30 PM,,,,,page11
PL,New Lo-An,3 Day Charter,,2026-10-19,10:00 AM,2026-10-22,6:00 AM,,,,,page11
PL,Mission Belle,Full Day (Passport Required),,2026-10-20,5:30 AM,2026-10-20,5:30 PM,30,,30,$258.75,page11
PL,Point Loma,Full Day Charter,,2026-10-20,5:30 AM,2026-10-20,5:30 PM,,,,,page11
PL,Daily Double,AM Half Day,,2026-10-20,8:30 AM,2026-10-20,2:30 PM,40,,40,$77.63,page11
PL,Game Changer,3.5 Day Charter,,2026-10-20,5:30 PM,2026-10-24,6:00 AM,,,,,page11
PL,Mission Belle,Full Day (Passport Required),,2026-10-21,5:30 AM,2026-10-21,5:30 PM,30,,30,$258.75,page12
PL,Daily Double,AM Half Day,,2026-10-21,8:30 AM,2026-10-21,2:30 PM,40,,40,$77.63,page12
PL,Mission Belle,Full Day (Passport Required),,2026-10-22,5:30 AM,2026-10-22,5:30 PM,30,,30,$258.75,page12
PL,Daily Double,AM Half Day,,2026-10-22,8:30 AM,2026-10-22,2:30 PM,40,,40,$77.63,page12
PL,New Lo-An,2.75 Day Charter,,2026-10-22,11:00 AM,2026-10-25,6:00 AM,,,,,page12
PL,Intrepid,8 Day,,2026-10-22,11:00 AM,2026-10-30,7:00 AM,22,,Full,"$5,275",page12
PL,Mission Belle,Full Day (Passport Required),,2026-10-23,5:30 AM,2026-10-23,5:30 PM,30,,30,$258.75,page12
PL,Daily Double,AM Half Day,,2026-10-23,8:30 AM,2026-10-23,2:30 PM,40,,40,$77.63,page12
PL,Point Loma,Full Day (Passport Required),,2026-10-24,5:30 AM,2026-10-24,5:30 PM,20,,18,$258.75,page12
PL,Mission Belle,Full Day Freelance Charter,,2026-10-24,5:30 AM,2026-10-24,5:30 PM,,,,,page12
PL,Daily Double,AM Half Day,,2026-10-24,8:30 AM,2026-10-24,2:30 PM,40,,40,$82.80,page12
PL,Game Changer,2.5 Day Charter,,2026-10-24,5:30 PM,2026-10-27,6:00 AM,,,,,page12
PL,Point Loma,Full Day Freelance Charter,,2026-10-25,5:30 AM,2026-10-25,5:30 PM,,,,,page12
PL,Mission Belle,Full Day (Passport Required),,2026-10-25,5:30 AM,2026-10-25,5:30 PM,30,,30,$258.75,page12
PL,Daily Double,AM Half Day,,2026-10-25,8:30 AM,2026-10-25,2:30 PM,40,,40,$82.80,page12
PL,Vagabond,3 Day,,2026-10-25,10:00 AM,2026-10-28,6:00 AM,23,,1,"$1,495.57",page12
PL,New Lo-An,2 Day,,2026-10-25,10:00 AM,2026-10-27,6:00 AM,25,,5,$890.10,page12
PL,Mission Belle,Full Day (Passport Required),,2026-10-26,5:30 AM,2026-10-26,5:30 PM,30,,30,$258.75,page12
PL,Daily Double,AM Half Day Charter,,2026-10-26,8:30 AM,2026-10-26,2:30 PM,,,,,page12
PL,Mission Belle,Full Day (Passport Required),,2026-10-27,5:30 AM,2026-10-27,5:30 PM,30,,30,$258.75,page12
PL,Daily Double,AM Half Day,,2026-10-27,8:30 AM,2026-10-27,2:30 PM,40,,40,$77.63,page13
PL,Independence,11 Day,,2026-10-27,10:00 AM,2026-11-07,6:00 AM,26,,Full,"$6,468.75",page13
PL,New Lo-An,2 Day,,2026-10-27,10:00 AM,2026-10-29,6:00 AM,25,,25,$890.10,page13
PL,Game Changer,2.5 Day Charter,,2026-10-27,5:30 PM,2026-10-30,6:00 AM,,,,,page13
PL,Mission Belle,Full Day (Passport Required),,2026-10-28,5:30 AM,2026-10-28,5:30 PM,30,,30,$258.75,page13
PL,American Angler,10 Day,,2026-10-28,6:00 AM,2026-11-07,6:00 AM,23,,Full,"$4,923.40",page13
PL,Daily Double,AM Half Day,,2026-10-28,8:30 AM,2026-10-28,2:30 PM,40,,40,$77.63,page13
PL,Mission Belle,Full Day (Passport Required),,2026-10-29,5:30 AM,2026-10-29,5:30 PM,30,,30,$258.75,page13
PL,Daily Double,AM Half Day,,2026-10-29,8:30 AM,2026-10-29,2:30 PM,40,,40,$77.63,page13
PL,Vagabond,10 Day,,2026-10-29,9:00 AM,2026-11-08,6:00 AM,20,,Full,"$5,169.83",page13
PL,New Lo-An,2.5 Day Charter,,2026-10-29,6:00 PM,2026-11-01,6:00 AM,,,,,page13
PL,Mission Belle,Full Day (Passport Required),,2026-10-30,5:30 AM,2026-10-30,5:30 PM,30,,30,$258.75,page13
PL,Daily Double,AM Half Day,,2026-10-30,8:30 AM,2026-10-30,2:30 PM,40,,40,$77.63,page13
PL,Intrepid,11 Day,,2026-10-30,11:00 AM,2026-11-10,7:00 AM,18,,Full,"$7,825",page13
PL,Mission Belle,Full Day (Passport Required),,2026-10-31,5:30 AM,2026-10-31,5:30 PM,30,,30,$258.75,page13
PL,Daily Double,AM Half Day,,2026-10-31,8:30 AM,2026-10-31,2:30 PM,40,,40,$82.80,page13
PL,Daily Double,AM Half Day,,2026-11-01,8:30 AM,2026-11-01,2:30 PM,40,,40,$82.80,page13
PL,New Lo-An,2 Day,,2026-11-01,10:00 AM,2026-11-03,6:00 AM,25,,22,$828.00,page13
PL,Daily Double,AM Half Day,,2026-11-02,8:30 AM,2026-11-02,2:30 PM,40,,40,$77.63,page13
PL,Daily Double,AM Half Day,,2026-11-03,8:30 AM,2026-11-03,2:30 PM,40,,40,$77.63,page13
PL,Daily Double,AM Half Day,,2026-11-04,8:30 AM,2026-11-04,2:30 PM,40,,40,$77.63,page14
PL,New Lo-An,2 Day,,2026-11-04,10:00 AM,2026-11-06,6:00 AM,25,,25,$828.00,page14
PL,Daily Double,AM Half Day,,2026-11-05,8:30 AM,2026-11-05,2:30 PM,40,,40,$77.63,page14
PL,Daily Double,AM Half Day Charter,,2026-11-06,8:30 AM,2026-11-06,2:30 PM,,,,,page14
PL,New Lo-An,3 Day,,2026-11-06,10:00 AM,2026-11-09,6:00 AM,20,,Full,"$1,190.25",page14
PL,American Angler,8 Day,,2026-11-07,7:00 AM,2026-11-15,6:00 AM,24,,Full,"$4,001.55",page14
PL,Daily Double,AM Half Day,,2026-11-07,8:30 AM,2026-11-07,2:30 PM,40,,40,$82.80,page14
PL,Independence,10 Day,,2026-11-07,10:00 AM,2026-11-17,6:00 AM,27,,Full,"$5,692.50",page14
PL,Daily Double,AM Half Day,,2026-11-08,8:30 AM,2026-11-08,2:30 PM,40,,40,$82.80,page14
PL,Daily Double,AM Half Day,,2026-11-09,8:30 AM,2026-11-09,2:30 PM,40,,40,$77.63,page14
PL,Vagabond,10 Day,,2026-11-09,9:00 AM,2026-11-19,6:00 AM,2,,Full,$0,page14
PL,New Lo-An,2 Day,,2026-11-09,10:00 AM,2026-11-11,6:00 AM,25,,25,$828.00,page14
PL,Daily Double,AM Half Day,,2026-11-10,8:30 AM,2026-11-10,2:30 PM,40,,40,$77.63,page14
PL,Intrepid,12 Day,,2026-11-10,11:00 AM,2026-11-22,7:00 AM,24,,Full,"$6,515",page14
PL,Daily Double,AM Half Day,,2026-11-11,8:30 AM,2026-11-11,2:30 PM,40,,40,$77.63,page14
PL,New Lo-An,2 Day,,2026-11-11,10:00 AM,2026-11-13,6:00 AM,25,,25,$828.00,page14
PL,Daily Double,AM Half Day,,2026-11-12,8:30 AM,2026-11-12,2:30 PM,40,,40,$77.63,page14
PL,Daily Double,AM Half Day,,2026-11-13,8:30 AM,2026-11-13,2:30 PM,40,,40,$77.63,page14
PL,New Lo-An,3 Day Charter,,2026-11-13,10:00 AM,2026-11-16,6:00 AM,,,,,page14
PL,Daily Double,AM Half Day,,2026-11-14,8:30 AM,2026-11-14,2:30 PM,40,,28,$82.80,page14
PL,American Angler,8 Day,,2026-11-15,7:00 AM,2026-11-23,6:00 AM,24,,Full,"$4,001.55",page15
PL,Daily Double,AM Half Day,,2026-11-15,8:30 AM,2026-11-15,2:30 PM,40,,40,$82.80,page15
PL,Daily Double,AM Half Day,,2026-11-16,8:30 AM,2026-11-16,2:30 PM,40,,40,$77.63,page15
PL,New Lo-An,2 Day,,2026-11-16,10:00 AM,2026-11-18,6:00 AM,25,,25,$828.00,page15
PL,Daily Double,AM Half Day,,2026-11-17,8:30 AM,2026-11-17,2:30 PM,40,,40,$77.63,page15
PL,Independence,8 Day,,2026-11-17,10:00 AM,2026-11-25,6:00 AM,31,,1,"$4,445.33",page15
PL,Daily Double,AM Half Day,,2026-11-18,8:30 AM,2026-11-18,2:30 PM,40,,40,$77.63,page15
PL,New Lo-An,2 Day,,2026-11-18,10:00 AM,2026-11-20,6:00 AM,25,,25,$828.00,page15
PL,Daily Double,AM Half Day,,2026-11-19,8:30 AM,2026-11-19,2:30 PM,40,,40,$77.63,page15
PL,Daily Double,AM Half Day,,2026-11-20,8:30 AM,2026-11-20,2:30 PM,40,,40,$77.63,page15
PL,New Lo-An,3 Day Charter,,2026-11-20,10:00 AM,2026-11-23,6:00 AM,,,,,page15
PL,Daily Double,AM Half Day,,2026-11-21,8:30 AM,2026-11-21,2:30 PM,40,,40,$82.80,page15
PL,Daily Double,AM Half Day,,2026-11-22,8:30 AM,2026-11-22,2:30 PM,40,,40,$82.80,page15
PL,Intrepid,3 Day,,2026-11-22,11:00 AM,2026-11-25,7:00 AM,15,,Full,"$3,030",page15
PL,Daily Double,AM Half Day,,2026-11-23,8:30 AM,2026-11-23,2:30 PM,40,,40,$77.63,page15
PL,Daily Double,AM Half Day,,2026-11-24,8:30 AM,2026-11-24,2:30 PM,40,,40,$77.63,page15
PL,Daily Double,AM Half Day,,2026-11-25,8:30 AM,2026-11-25,2:30 PM,40,,40,$77.63,page15
PL,Daily Double,AM Half Day,,2026-11-27,8:30 AM,2026-11-27,2:30 PM,40,,40,$77.63,page15
PL,New Lo-An,1.5 Day Charter,,2026-11-27,5:00 PM,2026-11-29,6:00 AM,,,,,page15
PL,Daily Double,AM Half Day,,2026-11-28,8:30 AM,2026-11-28,2:30 PM,40,,40,$82.80,page15
PL,Vagabond,10 Day,,2026-11-28,9:00 AM,2026-12-08,6:00 AM,20,,4,"$5,169.83",page16
PL,Intrepid,12 Day,,2026-11-28,11:00 AM,2026-12-10,7:00 AM,24,,3,"$6,000",page16
PL,Daily Double,AM Half Day,,2026-11-29,8:30 AM,2026-11-29,2:30 PM,40,,40,$82.80,page16
PL,American Angler,10 Day,,2026-11-30,7:00 AM,2026-12-10,6:00 AM,23,,Full,"$4,532.00",page16
PL,Daily Double,AM Half Day,,2026-11-30,8:30 AM,2026-11-30,2:30 PM,40,,40,$77.63,page16
PL,Independence,10 Day,,2026-11-30,10:00 AM,2026-12-10,6:00 AM,25,,1,"$5,692.50",page16
PL,Daily Double,AM Half Day,,2026-12-01,8:30 AM,2026-12-01,2:30 PM,40,,40,$77.63,page16
PL,Daily Double,AM Half Day,,2026-12-02,8:30 AM,2026-12-02,2:30 PM,40,,40,$77.63,page16
PL,New Lo-An,1.5 Day,,2026-12-02,6:00 PM,2026-12-04,6:00 AM,25,,24,$621.00,page16
PL,Daily Double,AM Half Day,,2026-12-03,8:30 AM,2026-12-03,2:30 PM,40,,40,$77.63,page16
PL,Daily Double,AM Half Day,,2026-12-04,8:30 AM,2026-12-04,2:30 PM,40,,40,$77.63,page16
PL,New Lo-An,1.5 Day,,2026-12-04,6:00 PM,2026-12-06,6:00 AM,25,,25,$621.00,page16
PL,Daily Double,AM Half Day,,2026-12-05,8:30 AM,2026-12-05,2:30 PM,40,,40,$82.80,page16
PL,Daily Double,AM Half Day,,2026-12-06,8:30 AM,2026-12-06,2:30 PM,40,,40,$82.80,page16
PL,Daily Double,AM Half Day,,2026-12-07,8:30 AM,2026-12-07,2:30 PM,40,,40,$77.63,page16
PL,Daily Double,AM Half Day,,2026-12-08,8:30 AM,2026-12-08,2:30 PM,40,,40,$77.63,page16
PL,Daily Double,AM Half Day,,2026-12-09,8:30 AM,2026-12-09,2:30 PM,40,,40,$77.63,page16
PL,New Lo-An,1.5 Day,,2026-12-09,6:00 PM,2026-12-11,6:00 AM,25,,25,$621.00,page16
PL,American Angler,10 Day,,2026-12-10,7:00 AM,2026-12-20,6:00 AM,23,,Full,"$4,429.00",page16
PL,Daily Double,AM Half Day,,2026-12-10,8:30 AM,2026-12-10,2:30 PM,40,,40,$77.63,page16
PL,Independence,11 Day,,2026-12-10,10:00 AM,2026-12-21,6:00 AM,26,,18,"$6,204.83",page17
PL,Intrepid,11 Day,,2026-12-10,11:00 AM,2026-12-21,7:00 AM,22,,7,"$6,025",page17
PL,Daily Double,AM Half Day,,2026-12-11,8:30 AM,2026-12-11,2:30 PM,40,,40,$77.63,page17
PL,New Lo-An,1.5 Day,,2026-12-11,6:00 PM,2026-12-13,6:00 AM,25,,25,$621.00,page17
PL,Daily Double,AM Half Day,,2026-12-12,8:30 AM,2026-12-12,2:30 PM,40,,28,$82.80,page17
PL,Daily Double,AM Half Day,,2026-12-13,8:30 AM,2026-12-13,2:30 PM,40,,40,$82.80,page17
PL,Daily Double,AM Half Day,,2026-12-14,8:30 AM,2026-12-14,2:30 PM,40,,40,$77.63,page17
PL,Daily Double,AM Half Day,,2026-12-15,8:30 AM,2026-12-15,2:30 PM,40,,40,$77.63,page17
PL,Daily Double,AM Half Day,,2026-12-16,8:30 AM,2026-12-16,2:30 PM,40,,40,$77.63,page17
PL,New Lo-An,1.5 Day,,2026-12-16,6:00 PM,2026-12-18,6:00 AM,25,,25,$621.00,page17
PL,Daily Double,AM Half Day,,2026-12-17,8:30 AM,2026-12-17,2:30 PM,40,,40,$77.63,page17
PL,Daily Double,AM Half Day,,2026-12-18,8:30 AM,2026-12-18,2:30 PM,40,,40,$77.63,page17
PL,New Lo-An,1.5 Day,,2026-12-18,6:00 PM,2026-12-20,6:00 AM,25,,25,$621.00,page17
PL,Daily Double,AM Half Day,,2026-12-19,8:30 AM,2026-12-19,2:30 PM,40,,40,$82.80,page17
PL,Daily Double,AM Half Day,,2026-12-20,8:30 AM,2026-12-20,2:30 PM,40,,40,$82.80,page17
PL,New Lo-An,1.5 Day,,2026-12-20,6:00 PM,2026-12-22,6:00 AM,25,,25,$621.00,page17
PL,Daily Double,AM Half Day,,2026-12-21,8:30 AM,2026-12-21,2:30 PM,40,,40,$77.63,page17
PL,Daily Double,AM Half Day,,2026-12-22,8:30 AM,2026-12-22,2:30 PM,40,,40,$77.63,page17
PL,Daily Double,AM Half Day,,2026-12-23,8:30 AM,2026-12-23,2:30 PM,40,,40,$77.63,page17
PL,Daily Double,AM Half Day,,2026-12-24,8:30 AM,2026-12-24,2:30 PM,40,,40,$77.63,page17
PL,Daily Double,AM Half Day,,2026-12-26,8:30 AM,2026-12-26,2:30 PM,40,,40,$82.80,page18
PL,Independence,5 Day,,2026-12-26,10:00 AM,2026-12-31,6:00 AM,27,,13,"$2,587.50",page18
PL,Daily Double,AM Half Day,,2026-12-27,8:30 AM,2026-12-27,2:30 PM,40,,40,$82.80,page18
PL,Intrepid,12 Day,,2026-12-27,11:00 AM,2027-01-08,7:00 AM,22,,10,"$6,295",page18
PL,Daily Double,AM Half Day,,2026-12-28,8:30 AM,2026-12-28,2:30 PM,40,,40,$77.63,page18
PL,Daily Double,AM Half Day,,2026-12-29,8:30 AM,2026-12-29,2:30 PM,40,,40,$77.63,page18
PL,Daily Double,AM Half Day,,2026-12-30,8:30 AM,2026-12-30,2:30 PM,40,,40,$77.63,page18
PL,Daily Double,AM Half Day,,2026-12-31,8:30 AM,2026-12-31,2:30 PM,40,,40,$77.63,page18
PL,Independence,12 Day,,2027-01-02,7:00 AM,2027-01-14,6:00 AM,24,,Full,"$6,204.83",page18
PL,American Angler,12 Day,,2027-01-04,6:00 AM,2027-01-16,6:00 AM,21,,2,"$5,047.00",page18
PL,Intrepid,14 Day,,2027-01-10,11:00 AM,2027-01-24,7:00 AM,22,,12,"$7,350",page18
PL,Independence,16 Day,,2027-01-15,10:00 AM,2027-01-31,6:00 AM,24,,2,"$8,280.00",page18
PL,Independence,16 Day,,2027-02-02,10:00 AM,2027-02-18,6:00 AM,24,,5,"$8,280.00",page18
PL,American Angler,8 Day,,2027-04-08,7:00 AM,2027-04-16,6:00 AM,24,,1,"$3,373.25",page18
PL,New Lo-An,2.5 Day Baja Coast Charter,,2027-04-08,6:00 PM,2027-04-11,6:00 AM,,,,,page18
PL,Independence,5 Day,,2027-04-11,10:00 AM,2027-04-16,6:00 AM,28,,4,"$2,587.50",page18
PL,Intrepid,3 Day,,2027-04-12,11:00 AM,2027-04-15,7:00 AM,26,,26,"$1,695",page18
PL,Intrepid,3 Day,,2027-04-15,11:00 AM,2027-04-18,7:00 AM,26,,26,"$1,695",page18
PL,American Angler,2 Day,,2027-04-16,7:00 AM,2027-04-18,6:00 AM,26,,24,"$1,133.00",page18
PL,Independence,5 Day,,2027-04-16,10:00 AM,2027-04-21,6:00 AM,26,,Full,"$2,587.50",page18
PL,American Angler,8 Day,,2027-04-18,7:00 AM,2027-04-26,6:00 AM,20,,Full,"$3,754.35",page19
PL,Intrepid,3 Day,,2027-04-18,11:00 AM,2027-04-21,7:00 AM,26,,26,"$1,695",page19
PL,Independence,5 Day,,2027-04-21,10:00 AM,2027-04-26,6:00 AM,26,,3,"$2,587.50",page19
PL,Intrepid,3 Day,,2027-04-21,11:00 AM,2027-04-24,7:00 AM,26,,26,"$1,695",page19
PL,Intrepid,3 Day,,2027-04-24,11:00 AM,2027-04-27,7:00 AM,26,,24,"$1,695",page19
PL,American Angler,3 Day,,2027-04-26,7:00 AM,2027-04-29,6:00 AM,26,,8,"$1,622.25",page19
PL,Independence,3 Day,,2027-04-26,10:00 AM,2027-04-29,6:00 AM,27,,5,"$1,811.25",page19
PL,Intrepid,3 Day,,2027-04-27,11:00 AM,2027-04-30,7:00 AM,26,,22,"$1,765",page19
PL,Vagabond,3 Day,,2027-04-29,9:00 AM,2027-05-02,6:00 AM,23,,10,"$1,423.13",page19
PL,Independence,3 Day,,2027-04-29,10:00 AM,2027-05-02,6:00 AM,32,,3,"$1,650.82",page19
PL,American Angler,2 Day,,2027-04-30,7:00 AM,2027-05-02,6:00 AM,24,,Full,"$1,194.80",page19
PL,Intrepid,3 Day,,2027-04-30,11:00 AM,2027-05-03,7:00 AM,22,,14,"$2,100",page19
PL,Vagabond,2 Day,,2027-05-02,9:00 AM,2027-05-04,6:00 AM,22,,21,"$1,055.70",page19
PL,Independence,3 Day,,2027-05-02,10:00 AM,2027-05-05,6:00 AM,32,,Full,"$1,650.82",page19
PL,American Angler,3 Day,,2027-05-03,7:00 AM,2027-05-06,6:00 AM,26,,Full,"$1,725.25",page19
PL,Intrepid,5 Day,,2027-05-03,11:00 AM,2027-05-08,7:00 AM,26,,3,"$2,825",page19
PL,Independence,8 Day,,2027-05-05,10:00 AM,2027-05-13,,,,,,page19
PL,American Angler,2 Day,,2027-05-06,7:00 AM,2027-05-08,6:00 AM,26,,9,"$1,107.25",page19
PL,Vagabond,3 Day,,2027-05-06,9:00 AM,2027-05-09,6:00 AM,22,,20,"$1,578.37",page19
PL,Intrepid,3 Day,,2027-05-08,11:00 AM,2027-05-11,7:00 AM,26,,23,"$1,695",page19
PL,American Angler,3 Day,,2027-05-10,7:00 AM,2027-05-13,6:00 AM,24,,1,"$1,869.45",page20
PL,Intrepid,3 Day,,2027-05-11,11:00 AM,2027-05-14,7:00 AM,26,,9,"$1,695",page20
PL,American Angler,3 Day,,2027-05-13,7:00 AM,2027-05-16,6:00 AM,23,,Full,"$1,936.40",page20
PL,Independence,5 Day,,2027-05-13,10:00 AM,2027-05-18,6:00 AM,26,,26,"$2,898.00",page20
PL,Intrepid,2 Day,,2027-05-14,11:00 AM,2027-05-16,7:00 AM,26,,10,"$1,095",page20
PL,American Angler,2 Day,,2027-05-16,7:00 AM,2027-05-18,6:00 AM,24,,Full,"$1,199.95",page20
PL,Intrepid,4 Day,,2027-05-16,11:00 AM,2027-05-20,7:00 AM,26,,,$0,page20
PL,American Angler,3 Day,,2027-05-18,7:00 AM,2027-05-21,6:00 AM,26,,13,"$1,725.25",page20
PL,Independence,8 Day,,2027-05-18,10:00 AM,2027-05-26,6:00 AM,26,,6,"$4,445.33",page20
PL,Intrepid,3 Day,,2027-05-20,11:00 AM,2027-05-23,7:00 AM,26,,Full,"$1,765",page20
PL,American Angler,2 Day,,2027-05-21,7:00 AM,2027-05-23,6:00 AM,24,,Full,"$1,199.95",page20
PL,American Angler,3 Day,,2027-05-23,7:00 AM,2027-05-26,6:00 AM,26,,Full,$0,page20
PL,Intrepid,3 Day,,2027-05-23,11:00 AM,2027-05-26,7:00 AM,26,,Full,"$1,765",page20
PL,American Angler,3 Day,,2027-05-26,7:00 AM,2027-05-29,6:00 AM,26,,Full,"$1,725.25",page20
PL,Independence,8 Day,,2027-05-26,10:00 AM,2027-06-03,6:00 AM,31,,7,"$4,134.83",page20
PL,Intrepid,3 Day,,2027-05-26,11:00 AM,2027-05-29,7:00 AM,20,,,$0,page20
PL,Vagabond,3 Day,,2027-05-28,9:00 AM,2027-05-31,6:00 AM,22,,1,"$1,578.37",page20
PL,American Angler,3 Day,,2027-05-29,7:00 AM,2027-06-01,6:00 AM,26,,Full,"$1,725.25",page20
PL,Intrepid,3 Day,,2027-05-29,11:00 AM,2027-06-01,7:00 AM,26,,,$0,page20
PL,Vagabond,3 Day,,2027-05-31,9:00 AM,2027-06-03,6:00 AM,18,,18,"$1,940.62",page20
PL,American Angler,3 Day,,2027-06-01,7:00 AM,2027-06-04,6:00 AM,26,,Full,"$1,828.25",page21
PL,Intrepid,2 Day,,2027-06-01,11:00 AM,2027-06-03,7:00 AM,26,,13,"$1,140",page21
PL,Vagabond,8 Day,,2027-06-03,10:00 AM,2027-06-11,6:00 AM,21,,7,"$3,772.58",page21
PL,Independence,8 Day,,2027-06-03,10:00 AM,2027-06-11,6:00 AM,27,,Full,"$4,657.50",page21
PL,Intrepid,2 Day,,2027-06-03,11:00 AM,2027-06-05,7:00 AM,26,,4,"$1,095",page21
PL,American Angler,8 Day,,2027-06-04,7:00 AM,2027-06-12,6:00 AM,24,,3,"$3,553.50",page21
PL,Intrepid,7 Day,,2027-06-05,11:00 AM,2027-06-12,7:00 AM,26,,3,"$3,625",page21
PL,Vagabond,3 Day,,2027-06-11,10:00 AM,2027-06-14,6:00 AM,22,,11,"$1,578.37",page21
PL,Independence,8 Day,,2027-06-11,10:00 AM,2027-06-19,6:00 AM,28,,Full,"$4,445.33",page21
PL,American Angler,8 Day,,2027-06-12,7:00 AM,2027-06-20,6:00 AM,24,,Full,"$3,553.50",page21
PL,Intrepid,7 Day,,2027-06-12,11:00 AM,2027-06-19,7:00 AM,26,,1,"$3,625",page21
PL,Vagabond,2 Day,,2027-06-14,9:00 AM,2027-06-16,6:00 AM,22,,22,"$1,055.70",page21
PL,Vagabond,3 Day,,2027-06-17,9:00 AM,2027-06-20,6:00 AM,22,,22,"$1,578.37",page21
PL,Independence,4 Day,,2027-06-19,10:00 AM,2027-06-23,6:00 AM,32,,Full,"$2,225.25",page21
PL,Intrepid,3 Day,,2027-06-19,11:00 AM,2027-06-22,7:00 AM,26,,23,"$1,765",page21
PL,American Angler,8 Day,,2027-06-20,7:00 AM,2027-06-28,6:00 AM,24,,Full,"$3,553.50",page21
PL,Vagabond,3 Day,,2027-06-20,10:00 AM,2027-06-23,6:00 AM,22,,20,"$1,578.37",page21
PL,Intrepid,3 Day,,2027-06-22,11:00 AM,2027-06-25,7:00 AM,26,,11,"$1,765",page21
PL,Vagabond,2 Day,,2027-06-23,9:00 AM,2027-06-25,6:00 AM,22,,22,"$1,055.70",page21
PL,Independence,3 Day,,2027-06-23,10:00 AM,2027-06-26,6:00 AM,32,,Full,$0,page21
PL,Vagabond,3 Day,,2027-06-25,9:00 AM,2027-06-28,6:00 AM,23,,19,"$1,604.25",page22
PL,Intrepid,8 Day,,2027-06-25,11:00 AM,2027-07-03,7:00 AM,18,,Full,"$5,915",page22
PL,Independence,3 Day,,2027-06-26,10:00 AM,2027-06-29,6:00 AM,28,,Full,"$2,018.25",page22
PL,American Angler,3 Day,,2027-06-28,7:00 AM,2027-07-01,6:00 AM,14,,Full,"$3,393.85",page22
PL,Vagabond,4 Day,,2027-06-28,10:00 AM,2027-07-02,6:00 AM,1,,Full,$0,page22
PL,Independence,4 Day,,2027-06-29,10:00 AM,2027-07-03,6:00 AM,32,,Full,"$2,271.83",page22
PL,American Angler,2 Day,,2027-07-01,7:00 AM,2027-07-03,6:00 AM,26,,Full,"$1,236.00",page22
PL,Vagabond,3 Day,,2027-07-02,10:00 AM,2027-07-05,6:00 AM,22,,7,"$1,681.87",page22
PL,American Angler,3 Day,,2027-07-03,7:00 AM,2027-07-06,6:00 AM,26,,Full,"$1,854.00",page22
PL,Independence,3 Day,,2027-07-03,10:00 AM,2027-07-06,6:00 AM,31,,1,"$1,650.82",page22
PL,Intrepid,2 Day,,2027-07-03,11:00 AM,2027-07-05,7:00 AM,26,,Full,"$1,095",page22
PL,Vagabond,3 Day,,2027-07-05,9:00 AM,2027-07-08,6:00 AM,23,,16,"$1,604.25",page22
PL,Intrepid,2 Day,,2027-07-05,11:00 AM,2027-07-07,7:00 AM,15,,,$0,page22
PL,American Angler,7 Day,,2027-07-06,7:00 AM,2027-07-13,6:00 AM,24,,Full,"$3,749.20",page22
PL,Independence,8 Day,,2027-07-06,10:00 AM,2027-07-14,6:00 AM,32,,Full,"$4,445.33",page22
PL,Intrepid,3 Day,,2027-07-07,10:00 AM,2027-07-10,7:00 AM,15,,,$0,page22
PL,Vagabond,3 Day,,2027-07-08,10:00 AM,2027-07-11,6:00 AM,22,,9,"$1,681.87",page22
PL,Intrepid,8 Day,,2027-07-10,11:00 AM,2027-07-18,7:00 AM,26,,3,"$5,025",page22
PL,Vagabond,3 Day,,2027-07-11,10:00 AM,2027-07-14,6:00 AM,22,,2,"$1,681.87",page22
PL,American Angler,2 Day,,2027-07-13,7:00 AM,2027-07-15,6:00 AM,26,,Full,"$1,236.00",page22
PL,Independence,4 Day,,2027-07-14,10:00 AM,2027-07-18,6:00 AM,31,,Full,"$2,349.45",page23
PL,Vagabond,4 Day,,2027-07-14,10:00 AM,2027-07-18,6:00 AM,22,,Full,$0,page23
PL,American Angler,3 Day,,2027-07-15,7:00 AM,2027-07-18,6:00 AM,1,,Full,$0,page23
PL,American Angler,3 Day,,2027-07-18,7:00 AM,2027-07-21,6:00 AM,26,,Full,"$1,854.00",page23
PL,Vagabond,3 Day,,2027-07-18,10:00 AM,2027-07-21,6:00 AM,22,,2,"$1,681.87",page23
PL,Independence,4 Day,,2027-07-18,10:00 AM,2027-07-22,6:00 AM,29,,Full,"$2,662.02",page23
PL,American Angler,8 Day,,2027-07-21,7:00 AM,2027-07-29,6:00 AM,24,,Full,"$4,114.85",page23
PL,Vagabond,4 Day,,2027-07-21,10:00 AM,2027-07-25,6:00 AM,1,,Full,$0,page23
PL,Independence,7 Day,,2027-07-22,10:00 AM,2027-07-29,6:00 AM,32,,Full,"$3,964.05",page23
PL,Vagabond,3 Day,,2027-07-25,10:00 AM,2027-07-28,6:00 AM,23,,2,"$1,604.25",page23
PL,Intrepid,8 Day,,2027-07-26,11:00 AM,2027-08-03,7:00 AM,24,,5,"$5,510",page23
PL,Vagabond,7 Day,,2027-07-28,10:00 AM,2027-08-04,6:00 AM,22,,Full,"$3,881.25",page23
PL,American Angler,5 Day,,2027-07-29,7:00 AM,2027-08-03,6:00 AM,26,,Full,"$3,156.95",page23
PL,Independence,4 Day,,2027-07-29,10:00 AM,2027-08-02,6:00 AM,26,,26,$0,page23
PL,Independence,3 Day,,2027-08-02,10:00 AM,2027-08-05,6:00 AM,32,,Full,"$1,650.82",page23
PL,American Angler,7 Day,,2027-08-03,7:00 AM,2027-08-10,6:00 AM,24,,Full,"$3,749.20",page23
PL,Intrepid,8 Day,,2027-08-03,11:00 AM,2027-08-11,7:00 AM,20,,,$0,page23
PL,Vagabond,3 Day,,2027-08-04,10:00 AM,2027-08-07,6:00 AM,22,,4,"$1,681.87",page23
PL,Independence,8 Day,,2027-08-05,10:00 AM,2027-08-13,6:00 AM,26,,Full,"$4,859.33",page23
PL,American Angler,3 Day,,2027-08-10,7:00 AM,2027-08-13,6:00 AM,26,,Full,"$1,854.00",page23
PL,Vagabond,3 Day,,2027-08-10,10:00 AM,2027-08-13,6:00 AM,22,,4,"$1,681.87",page24
PL,Intrepid,3 Day,,2027-08-11,11:00 AM,2027-08-14,7:00 AM,26,,1,"$2,055",page24
PL,American Angler,2 Day,,2027-08-13,7:00 AM,2027-08-15,6:00 AM,0,,,$0,page24
PL,Independence,3 Day,,2027-08-13,10:00 AM,2027-08-16,6:00 AM,31,,Full,$0,page24
PL,Vagabond,3 Day,,2027-08-13,10:00 AM,2027-08-16,6:00 AM,22,,4,"$1,681.87",page24
PL,Intrepid,4 Day,,2027-08-14,11:00 AM,2027-08-18,7:00 AM,13,,,$0,page24
PL,American Angler,8 Day,,2027-08-15,7:00 AM,2027-08-23,6:00 AM,24,,1,"$4,114.85",page24
PL,Vagabond,3 Day,,2027-08-16,10:00 AM,2027-08-19,6:00 AM,22,,7,"$1,681.87",page24
PL,Vagabond,3 Day,,2027-08-19,10:00 AM,2027-08-22,6:00 AM,22,,12,"$1,681.87",page24
PL,American Angler,8 Day,,2027-08-23,7:00 AM,2027-08-31,6:00 AM,24,,6,"$4,114.85",page24
PL,American Angler,3 Day,,2027-08-31,7:00 AM,2027-09-03,6:00 AM,24,,Full,"$1,979.66",page24
PL,American Angler,3 Day,,2027-09-03,7:00 AM,2027-09-06,6:00 AM,26,,Full,"$1,854.00",page24
PL,American Angler,3 Day,,2027-09-06,7:00 AM,2027-09-09,6:00 AM,26,,Full,"$1,854.00",page24
PL,American Angler,3 Day,,2027-09-09,7:00 AM,2027-09-12,6:00 AM,0,,,$0,page24
PL,American Angler,7 Day,,2027-09-12,7:00 AM,2027-09-19,6:00 AM,24,,Full,"$3,749.20",page24
PL,American Angler,2 Day,,2027-09-19,7:00 AM,2027-09-21,6:00 AM,0,,,$0,page24
PL,American Angler,8 Day,,2027-09-21,7:00 AM,2027-09-29,6:00 AM,24,,Full,"$4,114.85",page24
PL,American Angler,8 Day,,2027-09-29,7:00 AM,2027-10-07,6:00 AM,24,,2,"$4,114.85",page24
PL,American Angler,8 Day,,2027-10-07,7:00 AM,2027-10-15,6:00 AM,23,,Full,"$4,114.85",page24
PL,American Angler,10 Day,,2027-10-15,7:00 AM,2027-10-25,6:00 AM,23,,Full,"$5,026.40",page24
PL,American Angler,10 Day,,2027-10-25,7:00 AM,2027-11-04,6:00 AM,23,,Full,"$5,026.40",page25
PL,American Angler,8 Day,,2027-11-04,7:00 AM,2027-11-12,6:00 AM,24,,1,"$4,114.85",page25
PL,American Angler,8 Day,,2027-11-12,7:00 AM,2027-11-20,6:00 AM,24,,1,"$4,114.85",page25
PL,American Angler,10 Day,,2027-11-27,6:00 AM,2027-12-07,,,,,,page25
PL,American Angler,10 Day,,2027-12-08,7:00 AM,2027-12-18,6:00 AM,23,,2,"$4,532.00",page25
HM,Grande,Full Day - Freelance,,2026-09-04,5:30 AM,2026-09-04,5:30 PM,40,,Full,$250,xolacache
HM,Premier,1/2 Day - AM,,2026-09-04,6:30 AM,2026-09-04,12:30 PM,39,,Full,$80,xolacache
HM,Malihini,3/4 Day - Local,,2026-09-04,7:30 AM,2026-09-04,5:00 PM,35,,19,$165.0048309178744,xolacache
HM,Legend,3 Day - Freelance,,2026-09-04,10:00 AM,2026-09-07,6:00 AM,24,,Full,$1220,xolacache
HM,Premier,1/2 Day - PM,,2026-09-04,1:00 PM,2026-09-04,6:30 PM,55,,48,$80,xolacache
HM,Producer,Overnight - Limited Load,,2026-09-04,8:00 PM,2026-09-05,6:00 PM,29,,Full,$360,xolacache
HM,Premier,1/2 Day - AM,,2026-09-05,6:30 AM,2026-09-05,12:30 PM,56,,Full,$80,xolacache
HM,Premier,1/2 Day - PM,,2026-09-05,1:00 PM,2026-09-05,6:30 PM,55,,Full,$80,xolacache
HM,Producer,Overnight - Limited Load,,2026-09-05,8:00 PM,2026-09-06,6:00 PM,29,,1,$360,xolacache
HM,Grande,Full Day - Freelance,,2026-09-06,5:30 AM,2026-09-06,5:30 PM,41,,Full,$250,xolacache
HM,Premier,1/2 Day - AM,,2026-09-06,6:30 AM,2026-09-06,12:30 PM,55,,10,$80,xolacache
HM,Premier,1/2 Day - PM,,2026-09-06,1:00 PM,2026-09-06,6:30 PM,55,,43,$80,xolacache
HM,Producer,Overnight - Limited Load,,2026-09-06,8:00 PM,2026-09-07,6:00 PM,29,,Full,$360,xolacache
HM,Tradition,Overnight - Freelance,,2026-09-06,9:00 PM,2026-09-07,7:00 PM,30,,19,$340,xolacache
HM,Old Glory,Overnight - Freelance,,2026-09-06,9:00 PM,2026-09-07,7:00 PM,36,,4,$340,xolacache
HM,Grande,Full Day - Freelance,,2026-09-07,5:30 AM,2026-09-07,5:30 PM,41,,1,$250,xolacache
HM,Premier,1/2 Day - AM,,2026-09-07,6:30 AM,2026-09-07,12:30 PM,55,,29,$80,xolacache
HM,Malihini,3/4 Day - Local,,2026-09-07,7:30 AM,2026-09-07,5:00 PM,35,,18,$165.0048309178744,xolacache
HM,Premier,1/2 Day - PM,,2026-09-07,1:00 PM,2026-09-07,6:30 PM,55,,55,$80,xolacache
HM,Producer,Overnight - Limited Load,,2026-09-07,8:00 PM,2026-09-08,6:00 PM,29,,19,$360,xolacache
HM,Old Glory,Overnight - Freelance,,2026-09-07,9:00 PM,2026-09-08,7:00 PM,32,,19,$340,xolacache
HM,Tradition,Full Day - Offshore,,2026-09-08,5:30 AM,2026-09-08,5:30 PM,35,,31,$250,xolacache
HM,Premier,1/2 Day - AM,,2026-09-08,6:30 AM,2026-09-08,12:30 PM,55,,55,$80,xolacache
HM,Malihini,3/4 Day - Local,,2026-09-08,7:30 AM,2026-09-08,5:00 PM,35,,32,$165.0048309178744,xolacache
HM,Excalibur,3 Day - Freelance,,2026-09-08,10:00 AM,2026-09-11,6:00 AM,27,,Full,$1250,xolacache
HM,Top Gun 80,2 Day - Limited Load,,2026-09-08,10:00 AM,2026-09-10,6:00 AM,25,,Full,$810,xolacache
HM,Spirit of Adventure,4 Day,,2026-09-08,11:00 AM,2026-09-12,5:00 AM,24,,Full,$2175.0048309178746,xolacache
HM,Premier,1/2 Day - PM,,2026-09-08,1:00 PM,2026-09-08,6:30 PM,55,,55,$80,xolacache
HM,Old Glory,Overnight - Freelance,,2026-09-08,9:00 PM,2026-09-09,7:00 PM,32,,22,$340,xolacache
HM,Grande,Full Day - Offshore,,2026-09-09,5:30 AM,2026-09-09,5:30 PM,41,,16,$250,xolacache
HM,Premier,1/2 Day - AM,,2026-09-09,6:30 AM,2026-09-09,12:30 PM,55,,52,$80,xolacache
HM,Malihini,3/4 Day - Local,,2026-09-09,7:30 AM,2026-09-09,5:00 PM,35,,33,$165.0048309178744,xolacache
HM,Premier,1/2 Day - PM,,2026-09-09,1:00 PM,2026-09-09,6:30 PM,55,,53,$80,xolacache
HM,Ranger 85,1.5 Day - Freelance,,2026-09-09,7:00 PM,2026-09-11,6:00 AM,28,,Full,$600,xolacache
HM,Relentless,Overnight - Limited Load,,2026-09-09,8:00 PM,2026-09-10,6:00 PM,20,,20,$370,xolacache
HM,Old Glory,Overnight - Freelance,,2026-09-09,9:00 PM,2026-09-10,7:00 PM,32,,15,$340,xolacache
HM,Grande,Full Day - Offshore,,2026-09-10,5:30 AM,2026-09-10,5:30 PM,41,,27,$250,xolacache
HM,Premier,1/2 Day - AM,,2026-09-10,6:30 AM,2026-09-10,12:30 PM,55,,55,$80,xolacache
HM,Malihini,3/4 Day - Local,,2026-09-10,7:30 AM,2026-09-10,5:00 PM,35,,35,$165.0048309178744,xolacache
HM,Premier,1/2 Day - PM,,2026-09-10,1:00 PM,2026-09-10,6:30 PM,55,,55,$80,xolacache
HM,Tradition,Overnight - Freelance,,2026-09-10,9:00 PM,2026-09-11,7:00 PM,30,,26,$340,xolacache
HM,Grande,Full Day - Freelance,,2026-09-11,5:30 AM,2026-09-11,5:30 PM,41,,17,$250,xolacache
HM,Premier,1/2 Day - AM,,2026-09-11,6:30 AM,2026-09-11,12:30 PM,55,,44,$80,xolacache
HM,Premier,1/2 Day - PM,,2026-09-11,1:00 PM,2026-09-11,6:30 PM,55,,53,$80,xolacache
HM,Ranger 85,2.5 Day - Freelance,,2026-09-11,7:00 PM,2026-09-14,6:00 AM,22,,1,$1275.0048309178744,xolacache
HM,Vision,1.5 Day - Freedive,,2026-09-11,8:00 PM,2026-09-13,8:00 AM,20,,18,$999.0048309178744,xolacache
HM,Horizon,Overnight - Limited Load,,2026-09-11,8:00 PM,2026-09-12,6:00 PM,29,,Full,$360,xolacache
HM,Premier,1/2 Day - AM,,2026-09-12,6:30 AM,2026-09-12,12:30 PM,55,,35,$80,xolacache
HM,Premier,1/2 Day - PM,,2026-09-12,1:00 PM,2026-09-12,6:30 PM,55,,48,$80,xolacache
HM,Producer,Overnight - Limited Load,,2026-09-12,8:00 PM,2026-09-13,6:00 PM,29,,Full,$360,xolacache
HM,Tradition,Overnight - Freelance,,2026-09-12,9:00 PM,2026-09-13,7:00 PM,30,,Full,$340,xolacache
HM,Grande,Full Day - Freelance,,2026-09-13,5:30 AM,2026-09-13,5:30 PM,42,,Full,$250,xolacache
HM,Premier,1/2 Day - AM,,2026-09-13,6:30 AM,2026-09-13,12:30 PM,55,,43,$80,xolacache
HM,Malihini,3/4 Day - Local,,2026-09-13,7:30 AM,2026-09-13,5:00 PM,35,,28,$165.0048309178744,xolacache
HM,Premier,1/2 Day - PM,,2026-09-13,1:00 PM,2026-09-13,6:30 PM,55,,53,$80,xolacache
HM,Producer,Overnight - Limited Load,,2026-09-13,8:00 PM,2026-09-14,6:00 PM,29,,24,$360,xolacache
HM,Old Glory,Overnight - Freelance,,2026-09-13,9:00 PM,2026-09-14,7:00 PM,32,,25,$340,xolacache
HM,Grande,Full Day - Offshore,,2026-09-14,5:30 AM,2026-09-14,5:30 PM,41,,41,$250,xolacache
HM,Premier,1/2 Day - AM,,2026-09-14,6:30 AM,2026-09-14,12:30 PM,55,,53,$80,xolacache
HM,Premier,1/2 Day - PM,,2026-09-14,1:00 PM,2026-09-14,6:30 PM,55,,55,$80,xolacache
HM,Ranger 85,3.5 Day - Freelance,,2026-09-14,7:00 PM,2026-09-18,6:00 AM,25,,Full,$1400,xolacache
HM,Producer,Overnight - Limited Load,,2026-09-14,8:00 PM,2026-09-15,6:00 PM,29,,26,$360,xolacache
HM,Old Glory,Overnight - Freelance,,2026-09-14,9:00 PM,2026-09-15,7:00 PM,32,,31,$340,xolacache
HM,Grande,Full Day - Offshore,,2026-09-15,5:30 AM,2026-09-15,5:30 PM,41,,37,$250,xolacache
HM,Premier,1/2 Day - AM,,2026-09-15,6:30 AM,2026-09-15,12:30 PM,55,,55,$80,xolacache
HM,Malihini,3/4 Day - Local,,2026-09-15,7:30 AM,2026-09-15,5:00 PM,35,,35,$165.0048309178744,xolacache
HM,Premier,1/2 Day - PM,,2026-09-15,1:00 PM,2026-09-15,6:30 PM,55,,41,$80,xolacache
HM,Horizon,2.5 Day - Freelance,,2026-09-15,7:00 PM,2026-09-18,6:00 AM,25,,10,$929.9999999999999,xolacache
HM,Old Glory,2.5 Day - Freelance,,2026-09-15,9:00 PM,2026-09-18,8:00 AM,20,,Full,$1100,xolacache
HM,Grande,Full Day - Offshore,,2026-09-16,5:30 AM,2026-09-16,5:30 PM,41,,34,$250,xolacache
HM,Premier,1/2 Day - AM,,2026-09-16,6:30 AM,2026-09-16,12:30 PM,55,,55,$80,xolacache
HM,Ocean Odyssey,1.5 Day - Freelance,,2026-09-16,7:00 PM,2026-09-18,6:00 AM,29,,Full,$560,xolacache
HM,Producer,Overnight - Limited Load,,2026-09-16,8:00 PM,2026-09-17,6:00 PM,29,,23,$360,xolacache
HM,Grande,Full Day - Offshore,,2026-09-17,5:30 AM,2026-09-17,5:30 PM,41,,29,$250,xolacache
HM,Premier,1/2 Day - AM,,2026-09-17,6:30 AM,2026-09-17,12:30 PM,55,,55,$80,xolacache
HM,Malihini,3/4 Day - Local,,2026-09-17,7:30 AM,2026-09-17,5:00 PM,35,,35,$165.0048309178744,xolacache
HM,Excalibur,3 Day - Freelance,,2026-09-17,10:00 AM,2026-09-20,6:00 AM,27,,Full,$1250,xolacache
HM,Premier,1/2 Day - PM,,2026-09-17,1:00 PM,2026-09-17,6:30 PM,55,,55,$80,xolacache
HM,Producer,Overnight - Limited Load,,2026-09-17,8:00 PM,2026-09-18,6:00 PM,29,,Full,$360,xolacache
HM,Grande,Full Day - Freelance,,2026-09-18,5:30 AM,2026-09-18,5:30 PM,41,,23,$250,xolacache
HM,Grande,Full Day - Freelance,,2026-09-19,5:30 AM,2026-09-19,5:30 PM,41,,Full,$250,xolacache
HM,Tradition,Overnight - Freelance,,2026-09-19,9:00 PM,2026-09-20,7:00 PM,30,,20,$340,xolacache
HM,Grande,Full Day - Freelance,,2026-09-20,5:30 AM,2026-09-20,5:30 PM,41,,17,$250,xolacache
HM,Premier,1/2 Day - AM,,2026-09-20,6:30 AM,2026-09-20,12:30 PM,55,,41,$80,xolacache
HM,Malihini,3/4 Day - Local,,2026-09-20,7:30 AM,2026-09-20,5:00 PM,35,,30,$165.0048309178744,xolacache
HM,Excalibur,3 Day - Freelance,,2026-09-20,10:00 AM,2026-09-23,6:00 AM,27,,12,$1250,xolacache
HM,Premier,1/2 Day - PM,,2026-09-20,1:00 PM,2026-09-20,6:30 PM,55,,52,$80,xolacache
HM,Ranger 85,3.5 Day - Freelance,,2026-09-20,7:00 PM,2026-09-24,6:00 AM,20,,2,$1700,xolacache
HM,Ocean Odyssey,2.5 Day - Limited Load,,2026-09-20,7:00 PM,2026-09-23,6:00 AM,25,,Full,$1025.0048309178744,xolacache
HM,Producer,Overnight - Limited Load,,2026-09-20,8:00 PM,2026-09-21,6:00 PM,29,,27,$360,xolacache
HM,Old Glory,Overnight - Freelance,,2026-09-20,9:00 PM,2026-09-21,7:00 PM,32,,14,$340,xolacache
HM,Grande,Full Day - Offshore,,2026-09-21,5:30 AM,2026-09-21,5:30 PM,41,,39,$250,xolacache
HM,Premier,1/2 Day - AM,,2026-09-21,6:30 AM,2026-09-21,12:30 PM,55,,55,$80,xolacache
HM,Malihini,3/4 Day - Local,,2026-09-21,7:30 AM,2026-09-21,5:00 PM,35,,28,$165.0048309178744,xolacache
HM,Top Gun 80,2 Day - Limited Load,,2026-09-21,10:00 AM,2026-09-23,6:00 AM,25,,15,$810,xolacache
HM,Sea Adventure 80,2 Day - Freelance,,2026-09-21,10:00 AM,2026-09-23,5:00 AM,28,,22,$780,xolacache
HM,Legend,3 Day - Freelance,,2026-09-21,10:00 AM,2026-09-24,6:00 AM,29,,Full,$1220,xolacache
HM,Premier,1/2 Day - PM,,2026-09-21,1:00 PM,2026-09-21,6:30 PM,55,,55,$80,xolacache
HM,Producer,Overnight - Limited Load,,2026-09-21,8:00 PM,2026-09-22,6:00 PM,29,,26,$360,xolacache
HM,Old Glory,Overnight - Freelance,,2026-09-21,9:00 PM,2026-09-22,7:00 PM,32,,32,$340,xolacache
HM,Grande,Full Day - Offshore,,2026-09-22,5:30 AM,2026-09-22,5:30 PM,41,,40,$250,xolacache
HM,Premier,1/2 Day - AM,,2026-09-22,6:30 AM,2026-09-22,12:30 PM,55,,55,$80,xolacache
HM,Malihini,3/4 Day - Local,,2026-09-22,7:30 AM,2026-09-22,5:00 PM,35,,35,$165.0048309178744,xolacache
HM,Premier,1/2 Day - PM,,2026-09-22,1:00 PM,2026-09-22,6:30 PM,55,,55,$80,xolacache
HM,Producer,Overnight - Limited Load,,2026-09-22,8:00 PM,2026-09-23,6:00 PM,29,,29,$360,xolacache
HM,Old Glory,2 Day - Freelance,,2026-09-22,8:00 PM,2026-09-24,4:00 PM,25,,16,$795.0048309178744,xolacache
HM,Grande,Full Day - Offshore,,2026-09-23,5:30 AM,2026-09-23,5:30 PM,41,,36,$250,xolacache
HM,Premier,1/2 Day - AM,,2026-09-23,6:30 AM,2026-09-23,12:30 PM,55,,51,$80,xolacache
HM,Excalibur,2 Day - Freelance,,2026-09-23,10:00 AM,2026-09-25,6:00 AM,27,,19,$820.0000000000001,xolacache
HM,Sea Adventure 80,2 Day - Freelance,,2026-09-23,10:00 AM,2026-09-25,5:00 AM,28,,24,$780,xolacache
HM,Top Gun 80,3 Day - Limited Load,,2026-09-23,10:00 AM,2026-09-26,6:00 AM,18,,Full,$1650,xolacache
HM,Premier,1/2 Day - PM,,2026-09-23,1:00 PM,2026-09-23,6:30 PM,55,,55,$80,xolacache
HM,Producer,Overnight - Limited Load,,2026-09-23,8:00 PM,2026-09-24,6:00 PM,29,,28,$360,xolacache
HM,Grande,Full Day - Offshore,,2026-09-24,5:30 AM,2026-09-24,5:30 PM,41,,40,$250,xolacache
HM,Premier,1/2 Day - AM,,2026-09-24,6:30 AM,2026-09-24,12:30 PM,55,,55,$80,xolacache
HM,Ranger 85,3 Day - Freelance,,2026-09-24,10:00 AM,2026-09-27,6:00 AM,25,,Full,$1200,xolacache
HM,Legend,3 Day - Freelance,,2026-09-24,10:00 AM,2026-09-27,6:00 AM,26,,26,$1220,xolacache
HM,Premier,1/2 Day - PM,,2026-09-24,1:00 PM,2026-09-24,6:30 PM,55,,53,$80,xolacache
HM,Producer,Overnight - Limited Load,,2026-09-24,8:00 PM,2026-09-25,6:00 PM,29,,21,$360,xolacache
HM,Grande,Full Day - Freelance,,2026-09-25,5:30 AM,2026-09-25,5:30 PM,41,,30,$250,xolacache
HM,Premier,1/2 Day - AM,,2026-09-25,6:30 AM,2026-09-25,12:30 PM,55,,54,$80,xolacache
HM,Sea Adventure 80,3 Day - Freelance,,2026-09-25,10:00 AM,2026-09-28,5:00 AM,28,,12,$1200,xolacache
HM,Premier,1/2 Day - PM,,2026-09-25,1:00 PM,2026-09-25,6:30 PM,55,,55,$80,xolacache
HM,Vision,2 Day - Northern Channel Islands,,2026-09-25,10:00 PM,2026-09-27,5:00 PM,30,,25,$825.0048309178744,xolacache
HM,Premier,1/2 Day - AM,,2026-09-26,6:30 AM,2026-09-26,12:30 PM,55,,52,$80,xolacache
HM,Premier,1/2 Day - PM,,2026-09-26,1:00 PM,2026-09-26,6:30 PM,55,,55,$80,xolacache
HM,Producer,Overnight - Limited Load,,2026-09-26,8:00 PM,2026-09-27,6:00 PM,29,,Full,$360,xolacache
HM,Malihini,Full Day - Coronado Islands,,2026-09-27,5:30 AM,2026-09-27,5:30 PM,35,,25,$250,xolacache
HM,Premier,1/2 Day - AM,,2026-09-27,6:30 AM,2026-09-27,12:30 PM,55,,52,$80,xolacache
HM,Legend,2 Day - Freelance,,2026-09-27,10:00 AM,2026-09-29,6:00 AM,29,,Full,$810,xolacache
HM,Premier,1/2 Day - PM,,2026-09-27,1:00 PM,2026-09-27,6:30 PM,55,,55,$80,xolacache
HM,Ranger 85,2.5 Day - Freelance,,2026-09-27,7:00 PM,2026-09-30,6:00 AM,22,,11,$1275.0048309178744,xolacache
HM,Producer,Overnight - Limited Load,,2026-09-27,8:00 PM,2026-09-28,6:00 PM,29,,27,$360,xolacache
HM,Old Glory,Overnight - Freelance,,2026-09-27,9:00 PM,2026-09-28,7:00 PM,32,,32,$340,xolacache
HM,Grande,Full Day - Offshore,,2026-09-28,5:30 AM,2026-09-28,5:30 PM,41,,38,$250,xolacache
HM,Premier,1/2 Day - AM,,2026-09-28,6:30 AM,2026-09-28,12:30 PM,55,,51,$80,xolacache
HM,Malihini,3/4 Day - Local,,2026-09-28,7:30 AM,2026-09-28,5:00 PM,35,,35,$165.0048309178744,xolacache
HM,Sea Adventure 80,2 Day - Freelance,,2026-09-28,10:00 AM,2026-09-30,5:00 AM,28,,26,$780,xolacache
HM,Premier,1/2 Day - PM,,2026-09-28,1:00 PM,2026-09-28,6:30 PM,55,,51,$80,xolacache
HM,Excalibur,2.5 Day - Freelance,,2026-09-28,6:00 PM,2026-10-01,6:00 AM,27,,26,$1050,xolacache
HM,Producer,Overnight - Limited Load,,2026-09-28,8:00 PM,2026-09-29,6:00 PM,29,,29,$360,xolacache
HM,Old Glory,Overnight - Freelance,,2026-09-28,9:00 PM,2026-09-29,7:00 PM,32,,32,$340,xolacache
HM,Grande,Full Day - Offshore,,2026-09-29,5:30 AM,2026-09-29,5:30 PM,41,,41,$250,xolacache
HM,Premier,1/2 Day - AM,,2026-09-29,6:30 AM,2026-09-29,12:30 PM,55,,55,$80,xolacache
HM,Legend,3 Day - Freelance,,2026-09-29,10:00 AM,2026-10-02,6:00 AM,26,,17,$1220,xolacache
HM,Spirit of Adventure,2 Day,,2026-09-29,11:00 AM,2026-10-01,6:00 AM,26,,Full,$995.0048309178744,xolacache
HM,Premier,1/2 Day - PM,,2026-09-29,1:00 PM,2026-09-29,6:30 PM,55,,55,$80,xolacache
HM,Producer,Overnight - Limited Load,,2026-09-29,8:00 PM,2026-09-30,6:00 PM,29,,29,$360,xolacache
HM,Old Glory,Overnight - Freelance,,2026-09-29,9:00 PM,2026-09-30,7:00 PM,32,,32,$340,xolacache
HM,Grande,Full Day - Offshore,,2026-09-30,5:30 AM,2026-09-30,5:30 PM,41,,41,$250,xolacache
HM,Premier,1/2 Day - AM,,2026-09-30,6:30 AM,2026-09-30,12:30 PM,55,,55,$80,xolacache
HM,Ranger 85,2 Day - Freelance,,2026-09-30,10:00 AM,2026-10-02,6:00 AM,28,,27,$800,xolacache
HM,Premier,1/2 Day - PM,,2026-09-30,1:00 PM,2026-09-30,6:30 PM,55,,55,$80,xolacache
HM,Producer,Overnight - Limited Load,,2026-09-30,8:00 PM,2026-10-01,6:00 PM,29,,29,$360,xolacache
HM,Old Glory,Overnight - Freelance,,2026-09-30,9:00 PM,2026-10-01,7:00 PM,32,,32,$340,xolacache
HM,Grande,Full Day - Coronado Islands,,2026-10-01,5:30 AM,2026-10-01,5:30 PM,41,,41,$250,xolacache
HM,Premier,1/2 Day - AM,,2026-10-01,6:30 AM,2026-10-01,12:30 PM,55,,55,$80,xolacache
HM,Malihini,3/4 Day - Local,,2026-10-01,7:30 AM,2026-10-01,5:00 PM,35,,25,$165.0048309178744,xolacache
HM,Spirit of Adventure,3 Day,,2026-10-01,11:00 AM,2026-10-04,11:00 AM,20,,Full,$1890.0000000000002,xolacache
HM,Premier,1/2 Day - PM,,2026-10-01,1:00 PM,2026-10-01,6:30 PM,55,,55,$80,xolacache
HM,Excalibur,3.5 Day - Freelance,,2026-10-01,6:00 PM,2026-10-05,6:00 AM,25,,21,$1450,xolacache
HM,Producer,Overnight - Limited Load,,2026-10-01,8:00 PM,2026-10-02,6:00 PM,29,,26,$360,xolacache
HM,Old Glory,Overnight - Freelance,,2026-10-01,9:00 PM,2026-10-02,7:00 PM,32,,32,$340,xolacache
HM,Grande,Full Day - Coronado Islands,,2026-10-02,5:30 AM,2026-10-02,5:30 PM,41,,41,$250,xolacache
HM,Ranger 85,2 Day - Freelance,,2026-10-02,10:00 AM,2026-10-04,6:00 AM,20,,Full,$1020.0000000000001,xolacache
HM,Grande,Full Day - Coronado Islands,,2026-10-03,5:30 AM,2026-10-03,5:30 PM,41,,40,$250,xolacache
HM,Premier,1/2 Day - AM,,2026-10-03,6:30 AM,2026-10-03,12:30 PM,55,,55,$80,xolacache
HM,Malihini,3/4 Day - Local,,2026-10-03,7:30 AM,2026-10-03,5:00 PM,35,,33,$165.0048309178744,xolacache
HM,Premier,1/2 Day - PM,,2026-10-03,1:00 PM,2026-10-03,6:30 PM,55,,55,$80,xolacache
HM,Grande,Full Day - Coronado Islands,,2026-10-04,5:30 AM,2026-10-04,5:30 PM,41,,41,$250,xolacache
HM,Premier,1/2 Day - AM,,2026-10-04,6:30 AM,2026-10-04,12:30 PM,55,,55,$80,xolacache
HM,Malihini,3/4 Day - Local,,2026-10-04,7:30 AM,2026-10-04,5:00 PM,35,,35,$165.0048309178744,xolacache
HM,Ranger 85,2 Day - Freelance,,2026-10-04,10:00 AM,2026-10-06,6:00 AM,22,,22,$1020.0000000000001,xolacache
HM,Sea Adventure 80,3 Day - Freelance,,2026-10-04,10:00 AM,2026-10-07,5:00 AM,28,,28,$1200,xolacache
HM,Spirit of Adventure,3 Day,,2026-10-04,11:00 AM,2026-10-07,11:00 AM,26,,7,$1550,xolacache
HM,Premier,1/2 Day - PM,,2026-10-04,1:00 PM,2026-10-04,6:30 PM,55,,55,$80,xolacache
HM,Producer,1.5 Day - Limited Load,,2026-10-04,7:00 PM,2026-10-06,7:00 AM,25,,24,$600,xolacache
HM,Old Glory,Overnight - Freelance,,2026-10-04,9:00 PM,2026-10-05,7:00 PM,32,,29,$340,xolacache
HM,Grande,Full Day - Coronado Islands,,2026-10-05,5:30 AM,2026-10-05,5:30 PM,41,,41,$250,xolacache
HM,Premier,1/2 Day - AM,,2026-10-05,6:30 AM,2026-10-05,12:30 PM,55,,55,$80,xolacache
HM,Malihini,3/4 Day - Local,,2026-10-05,7:30 AM,2026-10-05,5:00 PM,35,,35,$165.0048309178744,xolacache
HM,Excalibur,3 Day - Freelance,,2026-10-05,10:00 AM,2026-10-08,6:00 AM,27,,20,$1250,xolacache
HM,Premier,1/2 Day - PM,,2026-10-05,1:00 PM,2026-10-05,6:30 PM,55,,52,$80,xolacache
HM,Ocean Odyssey,2.5 Day - Limited Load,,2026-10-05,7:00 PM,2026-10-08,6:00 AM,25,,19,$1015.0048309178743,xolacache
HM,Old Glory,Overnight - Freelance,,2026-10-05,9:00 PM,2026-10-06,7:00 PM,32,,32,$340,xolacache
HM,Grande,Full Day - Coronado Islands,,2026-10-06,5:30 AM,2026-10-06,5:30 PM,41,,41,$250,xolacache
HM,Premier,1/2 Day - AM,,2026-10-06,6:30 AM,2026-10-06,12:30 PM,55,,55,$80,xolacache
HM,Malihini,3/4 Day - Local,,2026-10-06,7:30 AM,2026-10-06,5:00 PM,35,,35,$165.0048309178744,xolacache
HM,Producer,2 Day - Freelance,,2026-10-06,10:00 AM,2026-10-08,6:00 AM,25,,15,$745.0048309178744,xolacache
HM,Premier,1/2 Day - PM,,2026-10-06,1:00 PM,2026-10-06,6:30 PM,55,,52,$80,xolacache
HM,Ranger 85,1.5 Day - Freelance,,2026-10-06,7:00 PM,2026-10-08,6:00 AM,28,,24,$600,xolacache
HM,Old Glory,Overnight - Freelance,,2026-10-06,9:00 PM,2026-10-07,7:00 PM,32,,32,$340,xolacache
HM,Grande,Full Day - Coronado Islands,,2026-10-07,5:30 AM,2026-10-07,5:30 PM,41,,40,$250,xolacache
HM,Premier,1/2 Day - AM,,2026-10-07,6:30 AM,2026-10-07,12:30 PM,55,,53,$80,xolacache
HM,Malihini,3/4 Day - Local,,2026-10-07,7:30 AM,2026-10-07,5:00 PM,35,,35,$165.0048309178744,xolacache
HM,Sea Adventure 80,2 Day - Freelance,,2026-10-07,10:00 AM,2026-10-09,5:00 AM,28,,28,$780,xolacache
HM,Premier,1/2 Day - PM,,2026-10-07,1:00 PM,2026-10-07,6:30 PM,55,,55,$80,xolacache
HM,Old Glory,Overnight - Freelance,,2026-10-07,9:00 PM,2026-10-08,7:00 PM,32,,32,$340,xolacache
HM,Grande,Full Day - Coronado Islands,,2026-10-08,5:30 AM,2026-10-08,5:30 PM,41,,41,$250,xolacache
HM,Premier,1/2 Day - AM,,2026-10-08,6:30 AM,2026-10-08,12:30 PM,55,,55,$80,xolacache
HM,Premier,1/2 Day - PM,,2026-10-08,1:00 PM,2026-10-08,6:30 PM,55,,55,$80,xolacache
HM,Producer,Overnight - Limited Load,,2026-10-08,8:00 PM,2026-10-09,6:00 PM,29,,29,$360,xolacache
HM,Old Glory,Overnight - Freelance,,2026-10-08,9:00 PM,2026-10-09,7:00 PM,32,,32,$340,xolacache
HM,Grande,Full Day - Coronado Islands,,2026-10-09,5:30 AM,2026-10-09,5:30 PM,41,,41,$250,xolacache
HM,Premier,1/2 Day - AM,,2026-10-09,6:30 AM,2026-10-09,12:30 PM,55,,55,$80,xolacache
HM,Sea Adventure 80,2 Day - Freelance,,2026-10-09,10:00 AM,2026-10-11,5:00 AM,28,,23,$780,xolacache
HM,Premier,1/2 Day - PM,,2026-10-09,1:00 PM,2026-10-09,6:30 PM,55,,55,$80,xolacache
HM,Old Glory,Overnight - Freelance,,2026-10-09,9:00 PM,2026-10-10,7:00 PM,36,,29,$340,xolacache
HM,Grande,Full Day - Coronado Islands,,2026-10-10,5:30 AM,2026-10-10,5:30 PM,41,,33,$250,xolacache
HM,Premier,1/2 Day - AM,,2026-10-10,6:30 AM,2026-10-10,12:30 PM,55,,55,$80,xolacache
HM,Malihini,3/4 Day - Local,,2026-10-10,7:30 AM,2026-10-10,5:00 PM,35,,23,$165.0048309178744,xolacache
HM,Premier,1/2 Day - PM,,2026-10-10,1:00 PM,2026-10-10,6:30 PM,55,,48,$80,xolacache
HM,Ranger 85,3.5 Day - Freelance,,2026-10-10,7:00 PM,2026-10-14,6:00 AM,25,,9,$1400,xolacache
HM,Old Glory,Overnight - Freelance,,2026-10-10,9:00 PM,2026-10-11,7:00 PM,36,,34,$340,xolacache
HM,Grande,Full Day - Coronado Islands,,2026-10-11,5:30 AM,2026-10-11,5:30 PM,41,,41,$250,xolacache
HM,Premier,1/2 Day - AM,,2026-10-11,6:30 AM,2026-10-11,12:30 PM,55,,47,$80,xolacache
HM,Sea Adventure 80,2 Day - Freelance,,2026-10-11,10:00 AM,2026-10-13,5:00 AM,28,,27,$780,xolacache
HM,Premier,1/2 Day - PM,,2026-10-11,1:00 PM,2026-10-11,6:30 PM,55,,55,$80,xolacache
HM,Vision,Lobster - 3.5 Day Dive Trip,,2026-10-11,7:00 PM,2026-10-15,7:00 AM,26,,15,$1550,xolacache
HM,Ocean Odyssey,1.5 Day - Freelance,,2026-10-11,7:00 PM,2026-10-13,6:00 AM,29,,Full,$560,xolacache
HM,Excalibur,1.5 Day - Freelance,,2026-10-11,8:00 PM,2026-10-13,8:00 AM,27,,25,$615.0048309178744,xolacache
HM,Producer,Overnight - Limited Load,,2026-10-11,8:00 PM,2026-10-12,6:00 PM,29,,29,$360,xolacache
HM,Old Glory,Overnight - Freelance,,2026-10-11,9:00 PM,2026-10-12,7:00 PM,32,,32,$340,xolacache
HM,Grande,Full Day - Coronado Islands,,2026-10-12,5:30 AM,2026-10-12,5:30 PM,41,,41,$250,xolacache
HM,Premier,1/2 Day - AM,,2026-10-12,6:30 AM,2026-10-12,12:30 PM,55,,55,$80,xolacache
HM,Malihini,3/4 Day - Local,,2026-10-12,7:30 AM,2026-10-12,5:00 PM,35,,34,$165.0048309178744,xolacache
HM,Top Gun 80,2 Day - Limited Load,,2026-10-12,10:00 AM,2026-10-14,6:00 AM,25,,10,$810,xolacache
HM,Premier,1/2 Day - PM,,2026-10-12,1:00 PM,2026-10-12,6:30 PM,55,,55,$80,xolacache
HM,Producer,Overnight - Limited Load,,2026-10-12,8:00 PM,2026-10-13,6:00 PM,29,,29,$360,xolacache
HM,Old Glory,Overnight - Freelance,,2026-10-12,9:00 PM,2026-10-13,7:00 PM,32,,32,$340,xolacache
HM,Grande,Full Day - Coronado Islands,,2026-10-13,5:30 AM,2026-10-13,5:30 PM,41,,36,$250,xolacache
HM,Premier,1/2 Day - AM,,2026-10-13,6:30 AM,2026-10-13,12:30 PM,55,,55,$80,xolacache
HM,Sea Adventure 80,2 Day - Freelance,,2026-10-13,10:00 AM,2026-10-15,5:00 AM,28,,28,$780,xolacache
HM,Premier,1/2 Day - PM,,2026-10-13,1:00 PM,2026-10-13,6:30 PM,55,,55,$80,xolacache
HM,Producer,Overnight - Limited Load,,2026-10-13,8:00 PM,2026-10-14,6:00 PM,29,,29,$360,xolacache
HM,Old Glory,Overnight - Freelance,,2026-10-13,9:00 PM,2026-10-14,7:00 PM,32,,32,$340,xolacache
HM,Grande,Full Day - Coronado Islands,,2026-10-14,5:30 AM,2026-10-14,5:30 PM,41,,41,$250,xolacache
HM,Premier,1/2 Day - AM,,2026-10-14,6:30 AM,2026-10-14,12:30 PM,55,,55,$80,xolacache
HM,Malihini,3/4 Day - Local,,2026-10-14,7:30 AM,2026-10-14,5:00 PM,35,,35,$165.0048309178744,xolacache
HM,Top Gun 80,2 Day - Limited Load,,2026-10-14,10:00 AM,2026-10-16,6:00 AM,25,,19,$810,xolacache
HM,Legend,2 Day - Freelance,,2026-10-14,10:00 AM,2026-10-16,6:00 AM,29,,24,$810,xolacache
HM,Premier,1/2 Day - PM,,2026-10-14,1:00 PM,2026-10-14,6:30 PM,55,,55,$80,xolacache
HM,Ocean Odyssey,1.5 Day - Freelance,,2026-10-14,7:00 PM,2026-10-16,6:00 AM,29,,Full,$560,xolacache
HM,Producer,Overnight - Limited Load,,2026-10-14,8:00 PM,2026-10-15,6:00 PM,29,,29,$360,xolacache
HM,Old Glory,Overnight - Freelance,,2026-10-14,9:00 PM,2026-10-15,7:00 PM,32,,32,$340,xolacache
HM,Grande,Full Day - Coronado Islands,,2026-10-15,5:30 AM,2026-10-15,5:30 PM,41,,41,$250,xolacache
HM,Premier,1/2 Day - AM,,2026-10-15,6:30 AM,2026-10-15,12:30 PM,55,,55,$80,xolacache
HM,Sea Adventure 80,4 Day - Limited Load,,2026-10-15,10:00 AM,2026-10-19,5:00 AM,24,,24,$1500,xolacache
HM,Excalibur,3 Day - Freelance,,2026-10-15,10:00 AM,2026-10-18,6:00 AM,27,,3,$1250,xolacache
HM,Premier,1/2 Day - PM,,2026-10-15,1:00 PM,2026-10-15,6:30 PM,55,,55,$80,xolacache
HM,Horizon,2.5 Day - Freelance,,2026-10-15,7:00 PM,2026-10-18,6:00 AM,25,,14,$929.9999999999999,xolacache
HM,Vision,Lobster - 2.5 Day Dive Trip,,2026-10-15,7:00 PM,2026-10-18,7:00 AM,28,,12,$1025.0048309178744,xolacache
HM,Producer,Overnight - Limited Load,,2026-10-15,8:00 PM,2026-10-16,6:00 PM,29,,29,$360,xolacache
HM,Grande,Full Day - Coronado Islands,,2026-10-16,5:30 AM,2026-10-16,5:30 PM,41,,41,$250,xolacache
HM,Premier,1/2 Day - AM,,2026-10-16,6:30 AM,2026-10-16,12:30 PM,55,,55,$80,xolacache
HM,Malihini,3/4 Day - Local,,2026-10-16,7:30 AM,2026-10-16,5:00 PM,35,,35,$165.0048309178744,xolacache
HM,Premier,1/2 Day - PM,,2026-10-16,1:00 PM,2026-10-16,6:30 PM,55,,55,$80,xolacache
HM,Old Glory,1.5 Day - Freelance,,2026-10-16,6:00 PM,2026-10-18,6:00 AM,29,,Full,$489.99999999999994,xolacache
HM,Ocean Odyssey,2.5 Day - Limited Load,,2026-10-16,7:00 PM,2026-10-19,6:00 AM,25,,Full,$1025.0048309178744,xolacache
HM,Producer,Overnight - Limited Load,,2026-10-16,8:00 PM,2026-10-17,6:00 PM,29,,14,$360,xolacache
HM,Premier,1/2 Day - AM,,2026-10-17,6:30 AM,2026-10-17,12:30 PM,55,,55,$80,xolacache
HM,Malihini,3/4 Day - Local,,2026-10-17,7:30 AM,2026-10-17,5:00 PM,35,,35,$165.0048309178744,xolacache
HM,Producer,Overnight - Limited Load,,2026-10-17,8:00 PM,2026-10-18,6:00 PM,29,,25,$360,xolacache
HM,Grande,Full Day - Coronado Islands,,2026-10-18,5:30 AM,2026-10-18,5:30 PM,41,,41,$250,xolacache
HM,Premier,1/2 Day - AM,,2026-10-18,6:30 AM,2026-10-18,12:30 PM,55,,55,$80,xolacache
HM,Malihini,3/4 Day - Local,,2026-10-18,7:30 AM,2026-10-18,5:00 PM,35,,35,$165.0048309178744,xolacache
HM,Excalibur,2 Day - Freelance,,2026-10-18,10:00 AM,2026-10-20,6:00 AM,27,,27,$820.0000000000001,xolacache
HM,Premier,1/2 Day - PM,,2026-10-18,1:00 PM,2026-10-18,6:30 PM,55,,55,$80,xolacache
HM,Old Glory,1.5 Day - Freelance,,2026-10-18,6:00 PM,2026-10-20,6:00 AM,29,,29,$489.99999999999994,xolacache
HM,Horizon,1.5 Day - Freelance,,2026-10-18,7:00 PM,2026-10-20,6:00 AM,27,,24,$530,xolacache
HM,Producer,Overnight - Limited Load,,2026-10-18,8:00 PM,2026-10-19,6:00 PM,29,,29,$360,xolacache
HM,Grande,Full Day - Coronado Islands,,2026-10-19,5:30 AM,2026-10-19,5:30 PM,41,,41,$250,xolacache
HM,Premier,1/2 Day - AM,,2026-10-19,6:30 AM,2026-10-19,12:30 PM,55,,55,$80,xolacache
HM,Malihini,3/4 Day - Local,,2026-10-19,7:30 AM,2026-10-19,5:00 PM,35,,35,$165.0048309178744,xolacache
HM,Sea Adventure 80,2 Day - Freelance,,2026-10-19,10:00 AM,2026-10-21,5:00 AM,28,,28,$780,xolacache
HM,Legend,3 Day - Freelance,,2026-10-19,10:00 AM,2026-10-22,6:00 AM,26,,26,$1220,xolacache
HM,Premier,1/2 Day - PM,,2026-10-19,1:00 PM,2026-10-19,6:30 PM,55,,55,$80,xolacache
HM,Producer,Overnight - Limited Load,,2026-10-19,8:00 PM,2026-10-20,6:00 PM,29,,29,$360,xolacache
HM,Grande,Full Day - Coronado Islands,,2026-10-20,5:30 AM,2026-10-20,5:30 PM,41,,41,$250,xolacache
HM,Premier,1/2 Day - AM,,2026-10-20,6:30 AM,2026-10-20,12:30 PM,55,,55,$80,xolacache
HM,Premier,1/2 Day - PM,,2026-10-20,1:00 PM,2026-10-20,6:30 PM,55,,55,$80,xolacache
HM,Old Glory,1.5 Day - Freelance,,2026-10-20,6:00 PM,2026-10-22,6:00 AM,29,,29,$489.99999999999994,xolacache
HM,Horizon,1.5 Day - Freelance,,2026-10-20,7:00 PM,2026-10-22,6:00 AM,27,,25,$530,xolacache
HM,Producer,Overnight - Limited Load,,2026-10-20,8:00 PM,2026-10-21,6:00 PM,29,,29,$360,xolacache
HM,Grande,Full Day - Coronado Islands,,2026-10-21,5:30 AM,2026-10-21,5:30 PM,41,,41,$250,xolacache
HM,Premier,1/2 Day - AM,,2026-10-21,6:30 AM,2026-10-21,12:30 PM,55,,55,$80,xolacache
HM,Malihini,3/4 Day - Local,,2026-10-21,7:30 AM,2026-10-21,5:00 PM,35,,35,$165.0048309178744,xolacache
HM,Sea Adventure 80,2 Day - Freelance,,2026-10-21,10:00 AM,2026-10-23,5:00 AM,28,,28,$780,xolacache
HM,Ranger 85,3.5 Day - Freelance,,2026-10-21,7:00 PM,2026-10-25,6:00 AM,20,,7,$1700,xolacache
HM,Producer,Overnight - Limited Load,,2026-10-21,8:00 PM,2026-10-22,6:00 PM,29,,29,$360,xolacache
HM,Grande,Full Day - Coronado Islands,,2026-10-22,5:30 AM,2026-10-22,5:30 PM,41,,41,$250,xolacache
HM,Premier,1/2 Day - AM,,2026-10-22,6:30 AM,2026-10-22,12:30 PM,55,,55,$80,xolacache
HM,Malihini,3/4 Day - Local,,2026-10-22,7:30 AM,2026-10-22,5:00 PM,35,,35,$165.0048309178744,xolacache
HM,Premier,1/2 Day - PM,,2026-10-22,1:00 PM,2026-10-22,6:30 PM,55,,55,$80,xolacache
HM,Old Glory,1.5 Day - Freelance,,2026-10-22,6:00 PM,2026-10-24,6:00 AM,29,,29,$489.99999999999994,xolacache
HM,Ocean Odyssey,2.5 Day - Limited Load,,2026-10-22,7:00 PM,2026-10-25,6:00 AM,25,,24,$1025.0048309178744,xolacache
HM,Producer,Overnight - Limited Load,,2026-10-22,8:00 PM,2026-10-23,6:00 PM,29,,29,$360,xolacache
HM,Grande,Full Day - Coronado Islands,,2026-10-23,5:30 AM,2026-10-23,5:30 PM,41,,41,$250,xolacache
HM,Premier,1/2 Day - AM,,2026-10-23,6:30 AM,2026-10-23,12:30 PM,55,,55,$80,xolacache
HM,Malihini,3/4 Day - Local,,2026-10-23,7:30 AM,2026-10-23,5:00 PM,35,,35,$165.0048309178744,xolacache
HM,Sea Adventure 80,3 Day - Freelance,,2026-10-23,10:00 AM,2026-10-26,5:00 AM,28,,28,$1200,xolacache
HM,Premier,1/2 Day - PM,,2026-10-23,1:00 PM,2026-10-23,6:30 PM,55,,55,$80,xolacache
HM,Producer,Overnight - Limited Load,,2026-10-23,8:00 PM,2026-10-24,6:00 PM,29,,25,$360,xolacache
HM,Grande,Full Day - Coronado Islands,,2026-10-24,5:30 AM,2026-10-24,5:30 PM,41,,41,$250,xolacache
HM,Premier,1/2 Day - AM,,2026-10-24,6:30 AM,2026-10-24,12:30 PM,55,,55,$80,xolacache
HM,Malihini,3/4 Day - Local,,2026-10-24,7:30 AM,2026-10-24,5:00 PM,35,,35,$165.0048309178744,xolacache
HM,Premier,1/2 Day - PM,,2026-10-24,1:00 PM,2026-10-24,6:30 PM,55,,55,$80,xolacache
HM,Old Glory,1.5 Day - Freelance,,2026-10-24,6:00 PM,2026-10-26,6:00 AM,29,,28,$489.99999999999994,xolacache
HM,Producer,Overnight - Limited Load,,2026-10-24,8:00 PM,2026-10-25,6:00 PM,29,,29,$360,xolacache
HM,Grande,Full Day - Coronado Islands,,2026-10-25,5:30 AM,2026-10-25,5:30 PM,41,,41,$250,xolacache
HM,Premier,1/2 Day - AM,,2026-10-25,6:30 AM,2026-10-25,12:30 PM,55,,55,$80,xolacache
HM,Malihini,3/4 Day - Local,,2026-10-25,7:30 AM,2026-10-25,5:00 PM,35,,35,$165.0048309178744,xolacache
HM,Legend,2 Day - Freelance,,2026-10-25,10:00 AM,2026-10-27,6:00 AM,27,,27,$810,xolacache
HM,Premier,1/2 Day - PM,,2026-10-25,1:00 PM,2026-10-25,6:30 PM,55,,55,$80,xolacache
HM,Ocean Odyssey,1.5 Day - Freelance,,2026-10-25,7:00 PM,2026-10-27,6:00 AM,29,,29,$560,xolacache
HM,Producer,Overnight - Limited Load,,2026-10-25,8:00 PM,2026-10-26,6:00 PM,29,,29,$360,xolacache
HM,Grande,Full Day - Coronado Islands,,2026-10-26,5:30 AM,2026-10-26,5:30 PM,41,,41,$250,xolacache
HM,Premier,1/2 Day - AM,,2026-10-26,6:30 AM,2026-10-26,12:30 PM,55,,55,$80,xolacache
HM,Malihini,3/4 Day - Local,,2026-10-26,7:30 AM,2026-10-26,5:00 PM,35,,35,$165.0048309178744,xolacache
HM,Sea Adventure 80,2 Day - Freelance,,2026-10-26,10:00 AM,2026-10-28,5:00 AM,28,,28,$780,xolacache
HM,Premier,1/2 Day - PM,,2026-10-26,1:00 PM,2026-10-26,6:30 PM,55,,55,$80,xolacache
HM,Old Glory,1.5 Day - Freelance,,2026-10-26,6:00 PM,2026-10-28,6:00 AM,29,,29,$489.99999999999994,xolacache
HM,Producer,Overnight - Limited Load,,2026-10-26,8:00 PM,2026-10-27,6:00 PM,29,,29,$360,xolacache
HM,Grande,Full Day - Coronado Islands,,2026-10-27,5:30 AM,2026-10-27,5:30 PM,41,,41,$250,xolacache
HM,Premier,1/2 Day - AM,,2026-10-27,6:30 AM,2026-10-27,12:30 PM,55,,55,$80,xolacache
HM,Malihini,3/4 Day - Local,,2026-10-27,7:30 AM,2026-10-27,5:00 PM,35,,35,$165.0048309178744,xolacache
HM,Legend,2 Day - Freelance,,2026-10-27,10:00 AM,2026-10-29,6:00 AM,27,,27,$810,xolacache
HM,Premier,1/2 Day - PM,,2026-10-27,1:00 PM,2026-10-27,6:30 PM,55,,55,$80,xolacache
HM,Producer,Overnight - Limited Load,,2026-10-27,8:00 PM,2026-10-28,6:00 PM,29,,29,$360,xolacache
HM,Grande,Full Day - Coronado Islands,,2026-10-28,5:30 AM,2026-10-28,5:30 PM,41,,41,$250,xolacache
HM,Premier,1/2 Day - AM,,2026-10-28,6:30 AM,2026-10-28,12:30 PM,55,,55,$80,xolacache
HM,Malihini,3/4 Day - Local,,2026-10-28,7:30 AM,2026-10-28,5:00 PM,35,,35,$165.0048309178744,xolacache
HM,Sea Adventure 80,2 Day - Freelance,,2026-10-28,10:00 AM,2026-10-30,5:00 AM,28,,28,$780,xolacache
HM,Premier,1/2 Day - PM,,2026-10-28,1:00 PM,2026-10-28,6:30 PM,55,,55,$80,xolacache
HM,Old Glory,1.5 Day - Freelance,,2026-10-28,6:00 PM,2026-10-30,6:00 AM,29,,29,$489.99999999999994,xolacache
HM,Ocean Odyssey,1.5 Day - Freelance,,2026-10-28,7:00 PM,2026-10-30,6:00 AM,29,,18,$560,xolacache
HM,Producer,Overnight - Limited Load,,2026-10-28,8:00 PM,2026-10-29,6:00 PM,29,,29,$360,xolacache
HM,Grande,Full Day - Coronado Islands,,2026-10-29,5:30 AM,2026-10-29,5:30 PM,41,,41,$250,xolacache
HM,Premier,1/2 Day - AM,,2026-10-29,6:30 AM,2026-10-29,12:30 PM,55,,55,$80,xolacache
HM,Malihini,3/4 Day - Local,,2026-10-29,7:30 AM,2026-10-29,5:00 PM,35,,35,$165.0048309178744,xolacache
HM,Top Gun 80,3 Day - Limited Load,,2026-10-29,10:00 AM,2026-11-01,6:00 AM,25,,25,$1230,xolacache
HM,Legend,3 Day - Freelance,,2026-10-29,10:00 AM,2026-11-01,6:00 AM,24,,24,$1220,xolacache
HM,Premier,1/2 Day - PM,,2026-10-29,1:00 PM,2026-10-29,6:30 PM,55,,55,$80,xolacache
HM,Producer,Overnight - Limited Load,,2026-10-29,8:00 PM,2026-10-30,6:00 PM,29,,29,$360,xolacache
HM,Grande,Full Day - Coronado Islands,,2026-10-30,5:30 AM,2026-10-30,5:30 PM,41,,41,$250,xolacache
HM,Premier,1/2 Day - AM,,2026-10-30,6:30 AM,2026-10-30,12:30 PM,55,,55,$80,xolacache
HM,Malihini,3/4 Day - Local,,2026-10-30,7:30 AM,2026-10-30,5:00 PM,35,,35,$165.0048309178744,xolacache
HM,Premier,1/2 Day - PM,,2026-10-30,1:00 PM,2026-10-30,6:30 PM,55,,55,$80,xolacache
HM,Old Glory,1.5 Day - Freelance,,2026-10-30,6:00 PM,2026-11-01,6:00 AM,29,,29,$489.99999999999994,xolacache
HM,Ocean Odyssey,1.5 Day - Freelance,,2026-10-30,7:00 PM,2026-11-01,6:00 AM,29,,26,$570,xolacache
HM,Producer,Overnight - Limited Load,,2026-10-30,8:00 PM,2026-10-31,6:00 PM,29,,29,$360,xolacache
HM,Grande,Full Day - Coronado Islands,,2026-10-31,5:30 AM,2026-10-31,5:30 PM,41,,39,$250,xolacache
HM,Premier,1/2 Day - AM,,2026-10-31,6:30 AM,2026-10-31,12:30 PM,55,,55,$80,xolacache
HM,Malihini,3/4 Day - Local,,2026-10-31,7:30 AM,2026-10-31,5:00 PM,35,,35,$165.0048309178744,xolacache
HM,Premier,1/2 Day - PM,,2026-10-31,1:00 PM,2026-10-31,6:30 PM,55,,55,$80,xolacache
HM,Producer,Overnight - Limited Load,,2026-10-31,8:00 PM,2026-11-01,6:00 PM,29,,29,$360,xolacache
HM,Premier,1/2 Day - AM,,2026-11-01,6:30 AM,2026-11-01,12:30 PM,55,,55,$80,xolacache
HM,Top Gun 80,3 Day - Limited Load,,2026-11-01,10:00 AM,2026-11-04,6:00 AM,25,,25,$1230,xolacache
HM,Sea Adventure 80,2 Day - Freelance,,2026-11-01,10:00 AM,2026-11-03,5:00 AM,28,,28,$720,xolacache
HM,Legend,2 Day - Freelance,,2026-11-01,10:00 AM,2026-11-03,6:00 AM,27,,27,$810,xolacache
HM,Premier,1/2 Day - PM,,2026-11-01,1:00 PM,2026-11-01,6:30 PM,55,,55,$80,xolacache
HM,Old Glory,1.5 Day - Freelance,,2026-11-01,6:00 PM,2026-11-03,6:00 AM,29,,29,$489.99999999999994,xolacache
HM,Ocean Odyssey,1.5 Day - Freelance,,2026-11-01,7:00 PM,2026-11-03,6:00 AM,29,,29,$535.0048309178744,xolacache
HM,Producer,Overnight - Limited Load,,2026-11-01,8:00 PM,2026-11-02,6:00 PM,29,,29,$360,xolacache
HM,Premier,1/2 Day - Extended,,2026-11-02,8:00 AM,2026-11-02,3:00 PM,50,,50,$80,xolacache
HM,Producer,Overnight - Limited Load,,2026-11-02,8:00 PM,2026-11-03,6:00 PM,29,,29,$360,xolacache
HM,Premier,1/2 Day - Extended,,2026-11-03,8:00 AM,2026-11-03,3:00 PM,50,,50,$80,xolacache
HM,Legend,2 Day - Freelance,,2026-11-03,10:00 AM,2026-11-05,6:00 AM,27,,27,$810,xolacache
HM,Sea Adventure 80,2 Day - Freelance,,2026-11-03,10:00 AM,2026-11-05,5:00 AM,28,,22,$720,xolacache
HM,Old Glory,1.5 Day - Freelance,,2026-11-03,6:00 PM,2026-11-05,6:00 AM,29,,29,$489.99999999999994,xolacache
HM,Producer,Overnight - Limited Load,,2026-11-03,8:00 PM,2026-11-04,6:00 PM,29,,29,$360,xolacache
HM,Premier,1/2 Day - Extended,,2026-11-04,8:00 AM,2026-11-04,3:00 PM,50,,50,$80,xolacache
HM,Ocean Odyssey,1.5 Day - Freelance,,2026-11-04,7:00 PM,2026-11-06,6:00 AM,29,,29,$535.0048309178744,xolacache
HM,Producer,Overnight - Limited Load,,2026-11-04,8:00 PM,2026-11-05,6:00 PM,29,,29,$360,xolacache
HM,Premier,1/2 Day - Extended,,2026-11-05,8:00 AM,2026-11-05,3:00 PM,50,,50,$80,xolacache
HM,Sea Adventure 80,3 Day - Freelance,,2026-11-05,10:00 AM,2026-11-08,5:00 AM,28,,28,$1200,xolacache
HM,Legend,3 Day - Freelance,,2026-11-05,10:00 AM,2026-11-08,6:00 AM,24,,24,$1220,xolacache
HM,Old Glory,1.5 Day - Freelance,,2026-11-05,6:00 PM,2026-11-07,6:00 AM,29,,29,$489.99999999999994,xolacache
HM,Premier,1/2 Day - AM,,2026-11-06,6:30 AM,2026-11-06,12:30 PM,55,,55,$80,xolacache
HM,Producer,2 Day - Freelance,,2026-11-06,10:00 AM,2026-11-08,6:00 AM,25,,17,$700,xolacache
HM,Premier,1/2 Day - PM,,2026-11-06,1:00 PM,2026-11-06,6:30 PM,55,,55,$80,xolacache
HM,Ocean Odyssey,1.5 Day - Freelance,,2026-11-06,7:00 PM,2026-11-08,6:00 AM,29,,29,$545.0048309178744,xolacache
HM,Premier,1/2 Day - AM,,2026-11-07,6:30 AM,2026-11-07,12:30 PM,55,,55,$80,xolacache
HM,Premier,1/2 Day - PM,,2026-11-07,1:00 PM,2026-11-07,6:30 PM,55,,55,$80,xolacache
HM,Old Glory,1.5 Day - Freelance,,2026-11-07,6:00 PM,2026-11-09,6:00 AM,29,,29,$489.99999999999994,xolacache
HM,Premier,1/2 Day - AM,,2026-11-08,6:30 AM,2026-11-08,12:30 PM,55,,55,$80,xolacache
HM,Legend,2 Day - Freelance,,2026-11-08,10:00 AM,2026-11-10,6:00 AM,27,,27,$720,xolacache
HM,Sea Adventure 80,2 Day - Freelance,,2026-11-08,10:00 AM,2026-11-10,5:00 AM,28,,28,$720,xolacache
HM,Premier,1/2 Day - PM,,2026-11-08,1:00 PM,2026-11-08,6:30 PM,55,,55,$80,xolacache
HM,Ocean Odyssey,1.5 Day - Freelance,,2026-11-08,7:00 PM,2026-11-10,6:00 AM,29,,29,$535.0048309178744,xolacache
HM,Producer,Overnight - Limited Load,,2026-11-08,8:00 PM,2026-11-09,6:00 PM,29,,29,$360,xolacache
HM,Premier,1/2 Day - Extended,,2026-11-09,8:00 AM,2026-11-09,3:00 PM,50,,50,$80,xolacache
HM,Old Glory,1.5 Day - Freelance,,2026-11-09,6:00 PM,2026-11-11,6:00 AM,29,,29,$489.99999999999994,xolacache
HM,Producer,Overnight - Limited Load,,2026-11-09,8:00 PM,2026-11-10,6:00 PM,29,,29,$360,xolacache
HM,Premier,1/2 Day - Extended,,2026-11-10,8:00 AM,2026-11-10,3:00 PM,50,,50,$80,xolacache
HM,Legend,2 Day - Freelance,,2026-11-10,10:00 AM,2026-11-12,6:00 AM,25,,25,$720,xolacache
HM,Sea Adventure 80,2 Day - Freelance,,2026-11-10,10:00 AM,2026-11-12,5:00 AM,28,,28,$720,xolacache
HM,Ocean Odyssey,1.5 Day - Freelance,,2026-11-10,7:00 PM,2026-11-12,6:00 AM,29,,29,$535.0048309178744,xolacache
HM,Producer,Overnight - Limited Load,,2026-11-10,8:00 PM,2026-11-11,6:00 PM,29,,29,$360,xolacache
HM,Premier,1/2 Day - Extended,,2026-11-11,8:00 AM,2026-11-11,3:00 PM,50,,50,$80,xolacache
HM,Old Glory,1.5 Day - Freelance,,2026-11-11,6:00 PM,2026-11-13,6:00 AM,29,,29,$489.99999999999994,xolacache
HM,Producer,Overnight - Limited Load,,2026-11-11,8:00 PM,2026-11-12,6:00 PM,29,,29,$360,xolacache
HM,Premier,1/2 Day - Extended,,2026-11-12,8:00 AM,2026-11-12,3:00 PM,50,,50,$80,xolacache
HM,Legend,3 Day - Freelance,,2026-11-12,10:00 AM,2026-11-15,6:00 AM,24,,24,$1050,xolacache
HM,Sea Adventure 80,2 Day - Freelance,,2026-11-12,10:00 AM,2026-11-14,5:00 AM,28,,28,$720,xolacache
HM,Producer,Overnight - Limited Load,,2026-11-12,8:00 PM,2026-11-13,6:00 PM,29,,29,$360,xolacache
HM,Premier,1/2 Day - AM,,2026-11-13,6:30 AM,2026-11-13,12:30 PM,55,,55,$80,xolacache
HM,Premier,1/2 Day - PM,,2026-11-13,1:00 PM,2026-11-13,6:30 PM,55,,55,$80,xolacache
HM,Old Glory,1.5 Day - Freelance,,2026-11-13,6:00 PM,2026-11-15,6:00 AM,29,,29,$489.99999999999994,xolacache
HM,Ocean Odyssey,1.5 Day - Freelance,,2026-11-13,7:00 PM,2026-11-15,6:00 AM,29,,29,$545.0048309178744,xolacache
HM,Producer,Overnight - Limited Load,,2026-11-13,8:00 PM,2026-11-14,6:00 PM,29,,29,$360,xolacache
HM,Premier,1/2 Day - AM,,2026-11-14,6:30 AM,2026-11-14,12:30 PM,55,,55,$80,xolacache
HM,Sea Adventure 80,2 Day - Freelance,,2026-11-14,10:00 AM,2026-11-16,5:00 AM,28,,28,$720,xolacache
HM,Premier,1/2 Day - PM,,2026-11-14,1:00 PM,2026-11-14,6:30 PM,55,,55,$80,xolacache
HM,Producer,Overnight - Limited Load,,2026-11-14,8:00 PM,2026-11-15,6:00 PM,29,,29,$360,xolacache
HM,Premier,1/2 Day - AM,,2026-11-15,6:30 AM,2026-11-15,12:30 PM,55,,55,$80,xolacache
HM,Legend,2 Day - Freelance,,2026-11-15,10:00 AM,2026-11-17,6:00 AM,25,,25,$720,xolacache
HM,Premier,1/2 Day - PM,,2026-11-15,1:00 PM,2026-11-15,6:30 PM,55,,49,$80,xolacache
HM,Old Glory,1.5 Day - Freelance,,2026-11-15,6:00 PM,2026-11-17,6:00 AM,29,,29,$489.99999999999994,xolacache
HM,Producer,Overnight - Limited Load,,2026-11-15,8:00 PM,2026-11-16,6:00 PM,29,,29,$360,xolacache
HM,Premier,1/2 Day - Extended,,2026-11-16,8:00 AM,2026-11-16,3:00 PM,50,,50,$80,xolacache
HM,Sea Adventure 80,3 Day - Freelance,,2026-11-16,10:00 AM,2026-11-19,5:00 AM,28,,28,$1200,xolacache
HM,Producer,Overnight - Limited Load,,2026-11-16,8:00 PM,2026-11-17,6:00 PM,29,,29,$360,xolacache
HM,Premier,1/2 Day - Extended,,2026-11-17,8:00 AM,2026-11-17,3:00 PM,50,,50,$80,xolacache
HM,Legend,1.5 Day - Freelance,,2026-11-17,6:00 PM,2026-11-19,6:00 AM,25,,25,$525.0048309178743,xolacache
HM,Old Glory,1.5 Day - Freelance,,2026-11-17,6:00 PM,2026-11-19,6:00 AM,29,,29,$489.99999999999994,xolacache
HM,Producer,Overnight - Limited Load,,2026-11-17,8:00 PM,2026-11-18,6:00 PM,29,,29,$360,xolacache
HM,Premier,1/2 Day - Extended,,2026-11-18,8:00 AM,2026-11-18,3:00 PM,50,,50,$80,xolacache
HM,Producer,Overnight - Limited Load,,2026-11-18,8:00 PM,2026-11-19,6:00 PM,29,,29,$360,xolacache
HM,Premier,1/2 Day - Extended,,2026-11-19,8:00 AM,2026-11-19,3:00 PM,50,,50,$80,xolacache
HM,Sea Adventure 80,3 Day - Freelance,,2026-11-19,10:00 AM,2026-11-22,5:00 AM,28,,28,$1200,xolacache
HM,Spirit of Adventure,3 Day,,2026-11-19,11:00 AM,2026-11-22,11:00 AM,20,,16,$1675.0048309178744,xolacache
HM,Legend,2.5 Day - Freelance,,2026-11-19,6:00 PM,2026-11-22,6:00 AM,25,,25,$875.0048309178744,xolacache
HM,Old Glory,1.5 Day - Freelance,,2026-11-19,6:00 PM,2026-11-21,6:00 AM,29,,29,$489.99999999999994,xolacache
HM,Producer,Overnight - Limited Load,,2026-11-19,8:00 PM,2026-11-20,6:00 PM,29,,29,$360,xolacache
HM,Premier,1/2 Day - AM,,2026-11-20,6:30 AM,2026-11-20,12:30 PM,55,,55,$80,xolacache
HM,Premier,1/2 Day - PM,,2026-11-20,1:00 PM,2026-11-20,6:30 PM,55,,55,$80,xolacache
HM,Producer,Overnight - Limited Load,,2026-11-20,8:00 PM,2026-11-21,6:00 PM,29,,29,$360,xolacache
HM,Premier,1/2 Day - AM,,2026-11-21,6:30 AM,2026-11-21,12:30 PM,55,,55,$80,xolacache
HM,Premier,1/2 Day - PM,,2026-11-21,1:00 PM,2026-11-21,6:30 PM,55,,55,$80,xolacache
HM,Old Glory,1.5 Day - Freelance,,2026-11-21,6:00 PM,2026-11-23,6:00 AM,29,,29,$489.99999999999994,xolacache
HM,Producer,Overnight - Limited Load,,2026-11-21,8:00 PM,2026-11-22,6:00 PM,29,,29,$360,xolacache
HM,Premier,1/2 Day - AM,,2026-11-22,6:30 AM,2026-11-22,12:30 PM,55,,55,$80,xolacache
HM,Sea Adventure 80,2 Day - Freelance,,2026-11-22,10:00 AM,2026-11-24,5:00 AM,28,,28,$720,xolacache
HM,Premier,1/2 Day - PM,,2026-11-22,1:00 PM,2026-11-22,6:30 PM,55,,55,$80,xolacache
HM,Legend,1.5 Day - Freelance,,2026-11-22,6:00 PM,2026-11-24,6:00 AM,25,,25,$525.0048309178743,xolacache
HM,Producer,Overnight - Limited Load,,2026-11-22,8:00 PM,2026-11-23,6:00 PM,29,,29,$360,xolacache
HM,Premier,1/2 Day - Extended,,2026-11-23,8:00 AM,2026-11-23,3:00 PM,50,,50,$80,xolacache
HM,Old Glory,1.5 Day - Freelance,,2026-11-23,6:00 PM,2026-11-25,6:00 AM,29,,29,$489.99999999999994,xolacache
HM,Producer,Overnight - Limited Load,,2026-11-23,8:00 PM,2026-11-24,6:00 PM,29,,29,$360,xolacache
HM,Premier,1/2 Day - Extended,,2026-11-24,8:00 AM,2026-11-24,3:00 PM,50,,50,$80,xolacache
HM,Legend,1.5 Day - Freelance,,2026-11-24,6:00 PM,2026-11-26,6:00 AM,25,,25,$525.0048309178743,xolacache
HM,Producer,Overnight - Limited Load,,2026-11-24,8:00 PM,2026-11-25,6:00 PM,29,,29,$360,xolacache
HM,Premier,1/2 Day - Extended,,2026-11-25,8:00 AM,2026-11-25,3:00 PM,50,,50,$80,xolacache
HM,Premier,1/2 Day - AM,,2026-11-27,6:30 AM,2026-11-27,12:30 PM,55,,55,$80,xolacache
HM,Legend,2 Day - Freelance,,2026-11-27,10:00 AM,2026-11-29,6:00 AM,25,,25,$720,xolacache
HM,Sea Adventure 80,3 Day - Freelance,,2026-11-27,10:00 AM,2026-11-30,5:00 AM,28,,28,$1200,xolacache
HM,Premier,1/2 Day - PM,,2026-11-27,1:00 PM,2026-11-27,6:30 PM,55,,55,$80,xolacache
HM,Producer,Overnight - Limited Load,,2026-11-27,8:00 PM,2026-11-28,6:00 PM,29,,29,$360,xolacache
HM,Premier,1/2 Day - AM,,2026-11-28,6:30 AM,2026-11-28,12:30 PM,55,,55,$80,xolacache
HM,Premier,1/2 Day - PM,,2026-11-28,1:00 PM,2026-11-28,6:30 PM,55,,55,$80,xolacache
HM,Producer,Overnight - Limited Load,,2026-11-28,8:00 PM,2026-11-29,6:00 PM,29,,29,$360,xolacache
HM,Premier,1/2 Day - AM,,2026-11-29,6:30 AM,2026-11-29,12:30 PM,55,,55,$80,xolacache
HM,Premier,1/2 Day - PM,,2026-11-29,1:00 PM,2026-11-29,6:30 PM,55,,55,$80,xolacache
HM,Producer,Overnight - Limited Load,,2026-11-29,8:00 PM,2026-11-30,6:00 PM,29,,29,$360,xolacache
HM,Premier,1/2 Day - Extended,,2026-11-30,8:00 AM,2026-11-30,3:00 PM,50,,50,$80,xolacache
HM,Producer,Overnight - Limited Load,,2026-11-30,8:00 PM,2026-12-01,6:00 PM,29,,29,$360,xolacache
HM,Premier,1/2 Day - Extended,,2026-12-01,8:00 AM,2026-12-01,3:00 PM,50,,50,$80,xolacache
HM,Premier,1/2 Day - Extended,,2026-12-02,8:00 AM,2026-12-02,3:00 PM,50,,50,$80,xolacache
HM,Premier,1/2 Day - Extended,,2026-12-03,8:00 AM,2026-12-03,3:00 PM,50,,50,$80,xolacache
HM,Premier,1/2 Day - AM,,2026-12-04,6:30 AM,2026-12-04,12:30 PM,55,,55,$80,xolacache
HM,Premier,1/2 Day - PM,,2026-12-04,1:00 PM,2026-12-04,6:30 PM,55,,55,$80,xolacache
HM,Premier,1/2 Day - AM,,2026-12-05,6:30 AM,2026-12-05,12:30 PM,55,,55,$80,xolacache
HM,Premier,1/2 Day - PM,,2026-12-05,1:00 PM,2026-12-05,6:30 PM,55,,55,$80,xolacache
HM,Premier,1/2 Day - AM,,2026-12-06,6:30 AM,2026-12-06,12:30 PM,55,,55,$80,xolacache
HM,Premier,1/2 Day - PM,,2026-12-06,1:00 PM,2026-12-06,6:30 PM,55,,55,$80,xolacache
HM,Premier,1/2 Day - Extended,,2026-12-07,8:00 AM,2026-12-07,3:00 PM,50,,50,$80,xolacache
HM,Premier,1/2 Day - Extended,,2026-12-08,8:00 AM,2026-12-08,3:00 PM,50,,50,$80,xolacache
HM,Premier,1/2 Day - Extended,,2026-12-09,8:00 AM,2026-12-09,3:00 PM,50,,50,$80,xolacache
HM,Premier,1/2 Day - Extended,,2026-12-10,8:00 AM,2026-12-10,3:00 PM,50,,50,$80,xolacache
HM,Premier,1/2 Day - AM,,2026-12-11,6:30 AM,2026-12-11,12:30 PM,55,,55,$80,xolacache
HM,Premier,1/2 Day - PM,,2026-12-11,1:00 PM,2026-12-11,6:30 PM,55,,55,$80,xolacache
HM,Premier,1/2 Day - AM,,2026-12-12,6:30 AM,2026-12-12,12:30 PM,55,,55,$80,xolacache
HM,Premier,1/2 Day - PM,,2026-12-12,1:00 PM,2026-12-12,6:30 PM,55,,55,$80,xolacache
HM,Premier,1/2 Day - AM,,2026-12-13,6:30 AM,2026-12-13,12:30 PM,55,,55,$80,xolacache
HM,Premier,1/2 Day - PM,,2026-12-13,1:00 PM,2026-12-13,6:30 PM,55,,55,$80,xolacache
HM,Premier,1/2 Day - Extended,,2026-12-14,8:00 AM,2026-12-14,3:00 PM,50,,50,$80,xolacache
HM,Premier,1/2 Day - Extended,,2026-12-15,8:00 AM,2026-12-15,3:00 PM,50,,50,$80,xolacache
HM,Premier,1/2 Day - Extended,,2026-12-16,8:00 AM,2026-12-16,3:00 PM,50,,50,$80,xolacache
HM,Premier,1/2 Day - Extended,,2026-12-17,8:00 AM,2026-12-17,3:00 PM,50,,50,$80,xolacache
HM,Premier,1/2 Day - AM,,2026-12-18,6:30 AM,2026-12-18,12:30 PM,55,,55,$80,xolacache
HM,Premier,1/2 Day - PM,,2026-12-18,1:00 PM,2026-12-18,6:30 PM,55,,55,$80,xolacache
HM,Premier,1/2 Day - AM,,2026-12-19,6:30 AM,2026-12-19,12:30 PM,55,,55,$80,xolacache
HM,Premier,1/2 Day - PM,,2026-12-19,1:00 PM,2026-12-19,6:30 PM,55,,55,$80,xolacache
HM,Premier,1/2 Day - AM,,2026-12-20,6:30 AM,2026-12-20,12:30 PM,55,,55,$80,xolacache
HM,Premier,1/2 Day - PM,,2026-12-20,1:00 PM,2026-12-20,6:30 PM,55,,55,$80,xolacache
HM,Premier,1/2 Day - AM,,2026-12-21,6:30 AM,2026-12-21,12:30 PM,55,,55,$80,xolacache
HM,Premier,1/2 Day - PM,,2026-12-21,1:00 PM,2026-12-21,6:30 PM,55,,55,$80,xolacache
HM,Premier,1/2 Day - AM,,2026-12-22,6:30 AM,2026-12-22,12:30 PM,55,,55,$80,xolacache
HM,Premier,1/2 Day - PM,,2026-12-22,1:00 PM,2026-12-22,6:30 PM,55,,55,$80,xolacache
HM,Premier,1/2 Day - AM,,2026-12-23,6:30 AM,2026-12-23,12:30 PM,55,,55,$80,xolacache
HM,Premier,1/2 Day - PM,,2026-12-23,1:00 PM,2026-12-23,6:30 PM,55,,55,$80,xolacache
HM,Premier,1/2 Day - AM,,2026-12-26,6:30 AM,2026-12-26,12:30 PM,55,,55,$80,xolacache
HM,Premier,1/2 Day - PM,,2026-12-26,1:00 PM,2026-12-26,6:30 PM,55,,55,$80,xolacache
HM,Premier,1/2 Day - AM,,2026-12-27,6:30 AM,2026-12-27,12:30 PM,55,,55,$80,xolacache
HM,Premier,1/2 Day - PM,,2026-12-27,1:00 PM,2026-12-27,6:30 PM,55,,55,$80,xolacache
HM,Premier,1/2 Day - AM,,2026-12-28,6:30 AM,2026-12-28,12:30 PM,55,,55,$80,xolacache
HM,Premier,1/2 Day - PM,,2026-12-28,1:00 PM,2026-12-28,6:30 PM,55,,55,$80,xolacache
HM,Premier,1/2 Day - AM,,2026-12-29,6:30 AM,2026-12-29,12:30 PM,55,,55,$80,xolacache
HM,Premier,1/2 Day - PM,,2026-12-29,1:00 PM,2026-12-29,6:30 PM,55,,55,$80,xolacache
HM,Premier,1/2 Day - AM,,2026-12-30,6:30 AM,2026-12-30,12:30 PM,55,,55,$80,xolacache
HM,Premier,1/2 Day - PM,,2026-12-30,1:00 PM,2026-12-30,6:30 PM,55,,55,$80,xolacache
HM,Premier,1/2 Day - AM,,2026-12-31,6:30 AM,2026-12-31,12:30 PM,55,,55,$80,xolacache
HM,Premier,1/2 Day - PM,,2026-12-31,1:00 PM,2026-12-31,6:30 PM,55,,51,$80,xolacache
